pr_number,merged_at,author
6,2015-12-31T04:34:55Z,it33
12,2016-01-23T12:13:33Z,mid0111
18,2016-01-22T03:48:26Z,ttyniwa
21,2016-01-23T12:28:13Z,alerque
22,2016-02-02T14:03:34Z,ttyniwa
33,2016-02-16T12:13:21Z,pascalw
58,2016-03-09T23:34:21Z,it33
60,2016-03-10T12:43:24Z,it33
61,2016-03-10T12:48:30Z,it33
64,2016-03-11T15:05:39Z,it33
68,2016-03-11T16:26:59Z,yuya-oc
69,2016-03-12T15:37:09Z,it33
71,2016-03-14T12:15:19Z,it33
73,2016-03-14T12:10:41Z,it33
74,2016-03-14T12:12:01Z,it33
75,2016-03-15T10:59:17Z,yuya-oc
79,2016-03-20T14:18:48Z,yuya-oc
80,2016-03-16T11:53:24Z,it33
85,2016-03-20T15:11:40Z,asaadmahmood
92,2016-03-30T12:07:56Z,yuya-oc
102,2016-03-30T11:45:18Z,mgielda
110,2016-05-06T15:32:28Z,asaadmahmood
114,2016-04-22T11:48:13Z,jeremycook
128,2016-05-17T12:44:19Z,jnugh
136,2016-05-13T13:04:03Z,jwilander
138,2016-05-21T14:35:47Z,Razzeee
145,2016-05-21T12:41:28Z,Razzeee
148,2016-05-22T05:25:17Z,Razzeee
152,2016-06-03T16:46:31Z,MetalCar
154,2016-06-05T11:17:36Z,Razzeee
157,2016-06-05T11:22:00Z,it33
158,2016-06-05T11:19:37Z,Razzeee
159,2016-06-17T12:50:54Z,MetalCar
164,2016-06-16T11:05:36Z,Razzeee
165,2016-06-12T14:23:15Z,Razzeee
166,2016-06-15T11:17:24Z,Razzeee
179,2016-07-04T13:56:21Z,magicmonty
180,2016-07-04T12:08:36Z,Razzeee
182,2016-06-30T17:20:45Z,jasonblais
183,2016-07-03T13:42:46Z,yuya-oc
184,2016-07-06T13:15:18Z,Razzeee
187,2016-08-13T01:46:49Z,Razzeee
188,2016-07-04T23:33:20Z,Razzeee
191,2016-07-07T13:15:00Z,yuya-oc
195,2016-07-12T15:15:18Z,Razzeee
199,2016-08-04T14:04:31Z,jnugh
200,2016-07-24T11:56:04Z,jnugh
201,2016-08-01T03:17:25Z,Razzeee
206,2016-07-24T11:23:24Z,jasonblais
214,2016-08-19T12:38:26Z,Razzeee
216,2016-07-28T14:02:00Z,Razzeee
219,2016-08-13T01:50:25Z,jnugh
220,2016-08-08T16:12:25Z,Razzeee
221,2016-07-26T14:07:58Z,timroes
224,2016-07-27T14:47:46Z,jasonblais
230,2016-09-13T16:04:01Z,Razzeee
234,2016-09-09T11:30:13Z,akashnimare
240,2016-10-19T14:22:43Z,Razzeee
241,2016-08-21T06:22:01Z,Razzeee
242,2016-08-22T11:37:09Z,Razzeee
244,2016-08-16T12:44:49Z,jasonblais
246,2016-08-26T14:04:29Z,yuya-oc
247,2016-08-21T15:17:29Z,jgis
251,2016-08-22T13:42:20Z,Razzeee
254,2016-09-09T15:19:54Z,Razzeee
255,2016-08-21T06:33:14Z,Razzeee
256,2016-08-21T03:53:40Z,Razzeee
257,2016-10-05T12:27:59Z,Razzeee
258,2016-08-22T11:27:37Z,yuya-oc
261,2016-08-25T16:10:14Z,St-Ex
262,2016-09-09T14:52:45Z,yuya-oc
263,2016-08-29T12:55:03Z,Razzeee
265,2016-08-30T13:47:07Z,Razzeee
268,2016-09-09T15:23:37Z,yuya-oc
272,2016-09-12T15:43:20Z,jnugh
273,2016-09-09T15:04:29Z,Razzeee
274,2016-09-11T11:44:10Z,yuya-oc
275,2016-09-12T15:45:52Z,jnugh
277,2017-04-27T14:43:32Z,yuya-oc
278,2016-09-13T13:51:33Z,yuya-oc
282,2016-09-13T15:41:08Z,yuya-oc
284,2016-09-17T00:12:36Z,asaadmahmood
286,2016-09-16T05:45:24Z,jasonblais
288,2016-09-16T05:46:01Z,jasonblais
290,2016-09-19T05:00:26Z,yuya-oc
292,2016-09-19T16:24:53Z,jasonblais
294,2016-09-19T16:37:30Z,yuya-oc
295,2016-09-19T16:43:26Z,yuya-oc
296,2016-09-21T12:05:24Z,Razzeee
306,2016-10-03T13:52:53Z,Razzeee
307,2016-10-07T15:08:10Z,Razzeee
308,2016-10-03T14:06:13Z,Razzeee
310,2016-09-26T12:57:26Z,yuya-oc
324,2016-10-27T15:25:03Z,itsmartin
326,2016-09-30T16:23:17Z,yuya-oc
328,2016-10-03T04:01:09Z,jcomack
330,2016-10-07T11:25:30Z,magicmonty
331,2016-10-11T14:21:42Z,magicmonty
332,2016-10-08T07:07:58Z,magicmonty
339,2016-10-27T11:43:22Z,yuya-oc
344,2016-11-08T13:17:24Z,kytwb
345,2016-10-27T11:57:46Z,jnugh
351,2016-11-07T12:56:31Z,yuya-oc
358,2016-11-05T07:37:39Z,jasonblais
359,2016-11-23T11:19:27Z,jnugh
365,2016-11-24T13:53:15Z,jasonblais
370,2016-11-25T14:36:24Z,jasonblais
371,2016-11-30T17:30:34Z,yuya-oc
372,2016-11-30T17:30:59Z,yuya-oc
373,2016-11-30T16:50:14Z,jasonblais
374,2016-12-05T06:47:04Z,jasonblais
383,2016-12-07T15:29:02Z,yuya-oc
384,2016-12-08T06:59:58Z,yuya-oc
385,2016-12-07T13:44:58Z,yuya-oc
386,2016-12-27T12:09:14Z,jnugh
391,2016-12-12T12:38:32Z,yuya-oc
392,2016-12-12T12:41:15Z,jnugh
405,2016-12-27T12:17:09Z,yuya-oc
407,2017-01-09T08:14:42Z,jasonblais
413,2017-01-18T12:45:44Z,yuya-oc
415,2017-02-10T11:19:27Z,jnugh
418,2017-01-20T12:59:46Z,jasonblais
421,2017-01-25T11:50:31Z,yuya-oc
423,2017-01-31T13:22:53Z,yuya-oc
424,2017-01-31T13:26:50Z,jasonblais
425,2017-02-17T15:15:12Z,yuya-oc
428,2017-02-17T10:52:15Z,yuya-oc
435,2017-02-16T14:38:05Z,yuya-oc
436,2017-02-16T14:39:57Z,asaadmahmood
441,2017-02-22T15:18:36Z,jasonblais
442,2017-03-16T15:25:12Z,jnugh
444,2017-02-22T14:37:16Z,yuya-oc
451,2017-02-22T15:19:41Z,jasonblais
452,2017-02-22T15:56:37Z,jasonblais
453,2017-02-22T16:08:45Z,yuya-oc
454,2017-02-24T14:59:00Z,yuya-oc
459,2017-03-08T11:15:57Z,yuya-oc
464,2017-03-13T13:58:59Z,yuya-oc
465,2017-03-16T11:19:30Z,yuya-oc
466,2017-03-16T15:50:17Z,jnugh
469,2017-03-21T15:54:36Z,yuya-oc
470,2017-03-21T15:55:46Z,yuya-oc
488,2017-04-25T03:34:46Z,jasonblais
489,2017-04-06T11:59:17Z,yuya-oc
496,2017-03-28T14:47:45Z,jasonblais
502,2017-04-01T12:06:10Z,yuya-oc
503,2017-04-03T11:37:03Z,yuya-oc
505,2017-04-06T12:00:54Z,jasonblais
508,2017-04-18T12:22:52Z,yuya-oc
509,2017-04-27T11:11:59Z,jnugh
513,2017-04-15T09:34:53Z,jasonblais
515,2017-04-19T12:22:45Z,yuya-oc
517,2017-04-25T15:39:34Z,yuya-oc
519,2017-04-28T12:16:43Z,yuya-oc
521,2017-04-30T12:32:31Z,jasonblais
525,2017-06-06T14:15:12Z,yuya-oc
526,2017-05-03T11:18:42Z,yuya-oc
529,2017-05-03T13:13:48Z,yuya-oc
530,2017-05-06T12:27:01Z,jasonblais
536,2017-05-22T12:55:08Z,yuya-oc
540,2017-05-24T14:58:55Z,yuya-oc
541,2017-05-31T11:34:24Z,yuya-oc
543,2017-06-02T14:42:31Z,yuya-oc
545,2017-06-06T14:17:16Z,yuya-oc
555,2017-07-04T14:03:22Z,yuya-oc
558,2017-07-10T14:48:06Z,yuya-oc
561,2017-07-12T13:45:56Z,yuya-oc
563,2017-08-18T15:02:39Z,yuya-oc
571,2017-08-18T15:08:03Z,yuya-oc
574,2017-08-24T16:07:41Z,yuya-oc
575,2017-08-24T15:27:55Z,jasonblais
576,2017-08-28T12:19:21Z,yuya-oc
577,2017-08-28T12:19:52Z,yuya-oc
578,2017-08-28T13:03:20Z,jasonblais
580,2017-08-31T14:24:17Z,jasonblais
582,2018-12-19T14:53:46Z,yuya-oc
584,2017-09-06T11:35:38Z,yuya-oc
585,2017-10-11T13:35:18Z,yuya-oc
586,2017-10-11T12:45:28Z,csduarte
588,2018-06-25T11:55:30Z,csduarte
590,2017-09-12T16:51:51Z,csduarte
591,2017-09-12T16:53:07Z,csduarte
592,2017-09-09T05:25:11Z,csduarte
593,2017-10-12T13:11:10Z,csduarte
594,2017-10-14T12:38:46Z,csduarte
597,2017-09-21T14:23:38Z,csduarte
598,2017-09-09T05:58:12Z,csduarte
599,2017-09-15T12:23:16Z,csduarte
600,2017-11-07T11:57:12Z,csduarte
602,2017-09-15T14:50:50Z,yuya-oc
603,2017-10-11T12:51:58Z,jasonblais
604,2017-10-05T15:33:46Z,yuya-oc
607,2017-10-07T13:10:15Z,wvds
609,2017-11-07T12:29:07Z,yuya-oc
612,2017-10-12T14:08:21Z,wvds
613,2017-10-30T13:58:11Z,wvds
614,2017-10-10T12:43:02Z,wvds
616,2017-10-24T12:51:47Z,csduarte
619,2017-10-14T14:00:58Z,yuya-oc
625,2017-10-17T11:35:34Z,yuya-oc
626,2017-11-06T16:10:42Z,yuya-oc
633,2017-11-08T15:49:10Z,yuya-oc
635,2017-10-31T17:23:14Z,yuya-oc
638,2017-11-07T11:51:36Z,yuya-oc
642,2017-11-05T12:11:55Z,yuya-oc
645,2017-11-08T14:29:07Z,yuya-oc
647,2017-11-08T16:41:16Z,yuya-oc
649,2017-11-09T02:02:01Z,jasonblais
651,2017-11-15T15:40:53Z,wvds
655,2017-11-23T15:02:43Z,yuya-oc
656,2017-11-18T07:28:00Z,jasonblais
664,2017-11-27T15:32:49Z,yuya-oc
665,2017-11-28T13:28:41Z,jasonblais
669,2017-11-28T14:18:52Z,csduarte
673,2017-12-06T13:48:06Z,yuya-oc
674,2017-12-14T17:41:29Z,yuya-oc
675,2018-01-19T11:31:29Z,jasonblais
680,2018-01-22T03:43:47Z,yuya-oc
682,2018-01-18T13:49:24Z,yuya-oc
683,2018-01-18T14:38:23Z,jasonblais
684,2018-01-19T11:29:17Z,yuya-oc
685,2018-01-22T03:45:50Z,amyblais
686,2018-01-22T03:46:18Z,amyblais
687,2018-01-22T15:54:08Z,amyblais
690,2018-01-24T14:23:20Z,yuya-oc
697,2018-01-29T14:29:31Z,amyblais
698,2018-01-27T03:17:14Z,amyblais
703,2018-02-09T14:21:24Z,yuya-oc
704,2018-03-29T15:27:47Z,yuya-oc
709,2018-02-14T11:27:52Z,yuya-oc
711,2018-02-22T15:15:11Z,yuya-oc
712,2018-02-26T12:29:13Z,lip-d
714,2018-02-22T15:39:56Z,yuya-oc
716,2018-02-22T14:59:43Z,lieut-data
718,2018-02-23T10:52:36Z,amyblais
719,2018-02-26T12:54:18Z,yuya-oc
720,2018-02-28T11:24:31Z,yuya-oc
722,2018-03-12T16:02:16Z,stanchan
727,2018-03-12T16:26:46Z,yuya-oc
730,2018-03-15T14:50:45Z,yuya-oc
731,2018-03-15T15:12:31Z,yuya-oc
732,2018-03-16T12:53:00Z,yuya-oc
733,2018-03-26T14:46:39Z,yuya-oc
734,2018-03-22T11:15:18Z,yuya-oc
739,2018-03-23T14:02:54Z,yuya-oc
740,2018-03-26T11:07:34Z,yuya-oc
741,2018-03-26T13:43:48Z,yuya-oc
743,2018-03-27T12:19:13Z,yuya-oc
744,2018-03-27T12:23:35Z,jasonblais
745,2018-04-03T12:30:28Z,hmhealey
746,2018-04-02T11:32:14Z,yuya-oc
747,2018-03-29T15:11:08Z,amyblais
749,2018-04-06T12:40:04Z,yuya-oc
750,2018-04-02T14:14:03Z,jasonblais
752,2018-04-06T12:42:01Z,yuya-oc
755,2018-04-09T13:56:18Z,yuya-oc
756,2018-04-11T12:29:04Z,yuya-oc
757,2018-04-13T14:55:47Z,yuya-oc
760,2018-04-17T15:29:01Z,kethinov
761,2018-04-17T11:07:01Z,yuya-oc
762,2018-04-17T11:09:45Z,yuya-oc
764,2018-04-24T12:34:30Z,yuya-oc
774,2018-04-30T11:18:46Z,Autre31415
775,2018-04-30T11:22:21Z,Autre31415
776,2018-04-26T16:22:40Z,mkraft
777,2018-05-01T12:35:30Z,hmhealey
778,2018-05-01T12:23:00Z,kethinov
779,2018-05-01T14:08:11Z,kethinov
782,2018-04-30T12:32:57Z,kethinov
785,2018-05-02T15:33:00Z,yuya-oc
786,2018-05-02T14:30:11Z,yuya-oc
787,2018-05-04T13:00:46Z,yuya-oc
788,2018-05-04T12:54:36Z,GoldUniform
789,2018-05-08T11:30:57Z,yuya-oc
791,2018-05-09T12:35:50Z,yuya-oc
796,2018-05-15T13:58:22Z,amyblais
799,2018-05-15T12:55:57Z,yuya-oc
801,2018-05-17T12:23:06Z,jasonblais
802,2018-05-17T12:23:54Z,jasonblais
803,2018-05-22T13:50:18Z,yuya-oc
806,2018-05-22T14:01:32Z,jasonblais
812,2018-05-23T13:21:59Z,yuya-oc
813,2018-05-23T15:28:05Z,yuya-oc
814,2018-05-24T13:33:53Z,yuya-oc
815,2018-06-04T15:37:04Z,j1mc
816,2018-05-24T14:57:35Z,dkadioglu
817,2018-05-25T11:45:10Z,yuya-oc
818,2018-05-25T11:45:31Z,yuya-oc
820,2018-05-29T13:09:15Z,yuya-oc
822,2018-06-04T13:16:53Z,yuya-oc
823,2018-06-04T15:02:11Z,yuya-oc
824,2018-06-14T14:58:44Z,yuya-oc
825,2018-06-14T15:01:20Z,yuya-oc
827,2018-06-15T12:21:23Z,yuya-oc
836,2018-08-01T14:52:24Z,sudheerDev
837,2018-07-25T14:38:46Z,scherno2
839,2018-07-19T11:19:46Z,jasonblais
843,2018-08-01T14:18:48Z,rodcorsi
846,2018-09-12T14:23:32Z,yuya-oc
847,2018-08-31T12:35:15Z,yuya-oc
853,2018-09-03T12:02:36Z,yuya-oc
856,2018-08-31T12:42:48Z,jasonblais
859,2018-09-03T14:06:47Z,yuya-oc
860,2018-09-05T15:11:34Z,yuya-oc
861,2018-09-19T14:04:24Z,yuya-oc
864,2018-10-22T14:59:51Z,svelle
866,2018-10-12T14:05:39Z,lieut-data
867,2018-09-26T13:38:01Z,danmaas
869,2018-10-15T14:51:17Z,torlenor
875,2018-11-01T14:48:26Z,jasonblais
881,2018-10-28T14:00:56Z,hmhealey
882,2018-11-01T14:45:11Z,yuya-oc
883,2019-03-13T14:59:54Z,yuya-oc
886,2019-03-11T20:45:33Z,yuya-oc
888,2018-11-06T12:41:39Z,danmaas
892,2018-12-04T00:23:05Z,yuya-oc
896,2018-11-26T15:46:04Z,amyblais
900,2019-01-07T15:05:59Z,crspeller
903,2018-12-04T15:36:52Z,yuya-oc
905,2018-12-11T12:14:02Z,svelle
906,2019-01-11T15:50:13Z,yuya-oc
913,2019-01-08T14:18:48Z,danmaas
919,2019-02-11T01:38:49Z,JtheBAB
924,2019-01-30T15:43:57Z,asaadmahmood
926,2019-02-20T19:50:40Z,manland
928,2019-02-20T07:57:46Z,JtheBAB
929,2019-02-20T15:11:00Z,aswathkk
930,2019-04-11T00:42:30Z,amyblais
931,2019-02-22T11:32:02Z,sethitow
935,2019-02-22T15:26:17Z,cpanato
936,2019-03-04T20:01:03Z,JtheBAB
938,2019-02-28T14:46:45Z,svelle
944,2019-03-08T11:27:20Z,JtheBAB
946,2019-03-15T19:20:42Z,lieut-data
952,2019-03-21T13:19:27Z,amyblais
953,2019-03-26T13:29:21Z,deanwhillier
954,2019-03-26T13:56:46Z,deanwhillier
956,2019-03-26T14:14:11Z,deanwhillier
957,2019-04-17T08:51:03Z,danmaas
959,2019-04-11T11:58:31Z,deanwhillier
960,2019-04-18T16:37:21Z,esethna
961,2019-04-18T17:19:05Z,deanwhillier
966,2019-05-11T20:02:15Z,MikeNicholls
968,2019-05-11T17:27:52Z,deanwhillier
969,2019-05-11T21:35:46Z,danmaas
971,2019-07-02T13:09:40Z,steevsachs
978,2019-05-24T16:59:31Z,jespino
981,2019-07-10T01:29:03Z,PeterDaveHello
983,2019-07-03T10:43:32Z,esethna
988,2019-07-03T14:19:43Z,deanwhillier
989,2019-06-17T13:56:07Z,deanwhillier
990,2019-06-17T09:51:58Z,deanwhillier
993,2019-06-25T14:11:04Z,deanwhillier
995,2019-06-21T21:39:43Z,deanwhillier
996,2019-06-26T19:46:14Z,yuya-oc
998,2019-08-02T17:42:35Z,deanwhillier
999,2019-09-09T16:30:25Z,deanwhillier
1000,2019-09-09T16:38:32Z,deanwhillier
1001,2019-08-02T13:53:49Z,deanwhillier
1002,2019-10-15T21:46:03Z,dependabot
1004,2019-07-16T09:46:14Z,deanwhillier
1005,2019-07-16T14:06:01Z,deanwhillier
1008,2019-08-02T22:51:15Z,cpanato
1009,2019-08-06T09:41:55Z,DSchalla
1011,2019-08-07T18:02:10Z,amyblais
1012,2019-08-07T18:07:27Z,amyblais
1014,2019-08-08T12:11:49Z,amyblais
1015,2019-08-08T19:03:14Z,deanwhillier
1016,2019-08-08T19:03:21Z,DSchalla
1017,2019-08-09T19:33:51Z,amyblais
1021,2019-09-20T14:33:01Z,dependabot
1024,2019-09-20T14:33:09Z,dependabot
1025,2019-09-16T20:02:38Z,deanwhillier
1026,2019-09-09T16:33:15Z,deanwhillier
1027,2019-09-20T14:33:17Z,dependabot
1029,2019-09-06T20:44:52Z,Willyfrog
1031,2019-10-17T00:43:04Z,amyblais
1032,2019-09-10T19:07:55Z,deanwhillier
1035,2019-09-16T17:08:46Z,deanwhillier
1040,2019-09-23T18:59:12Z,deanwhillier
1041,2019-09-26T17:51:25Z,devinbinnie
1042,2019-09-27T07:04:37Z,Willyfrog
1044,2019-09-30T08:18:03Z,Willyfrog
1047,2019-10-01T09:55:12Z,Willyfrog
1048,2019-10-03T16:19:12Z,deanwhillier
1049,2019-10-01T18:17:09Z,mickmister
1051,2019-10-07T14:23:25Z,devinbinnie
1052,2019-10-01T12:10:26Z,wget
1053,2019-10-06T22:28:38Z,deanwhillier
1054,2019-10-03T13:06:41Z,deanwhillier
1056,2020-01-03T17:00:44Z,devinbinnie
1057,2019-10-08T20:25:03Z,deanwhillier
1058,2019-10-08T21:25:52Z,devinbinnie
1059,2019-10-08T20:31:49Z,deanwhillier
1060,2019-10-30T03:41:47Z,amyblais
1061,2019-10-09T13:00:16Z,deanwhillier
1062,2019-10-09T13:45:03Z,deanwhillier
1063,2019-10-28T11:05:06Z,Willyfrog
1064,2019-10-11T13:17:52Z,deanwhillier
1065,2019-10-15T18:48:23Z,deanwhillier
1066,2019-10-12T12:46:40Z,deanwhillier
1072,2019-10-16T18:16:40Z,JtheBAB
1073,2019-10-16T18:20:36Z,JtheBAB
1076,2019-10-17T15:11:42Z,Willyfrog
1077,2019-10-17T15:21:09Z,Willyfrog
1079,2019-10-18T15:36:05Z,esethna
1083,2019-10-23T10:59:25Z,kethinov
1086,2019-10-22T06:48:00Z,Willyfrog
1089,2019-10-23T22:12:02Z,amyblais
1092,2019-10-28T15:28:00Z,deanwhillier
1093,2019-11-14T09:48:15Z,devinbinnie
1097,2019-11-23T07:31:19Z,deanwhillier
1105,2019-11-19T10:31:32Z,Willyfrog
1106,2019-11-19T22:02:50Z,deanwhillier
1110,2020-01-23T11:09:22Z,hunterlester
1111,2019-11-28T02:24:17Z,Willyfrog
1113,2019-12-11T14:30:21Z,devinbinnie
1114,2019-11-29T14:56:11Z,devinbinnie
1115,2019-12-15T22:16:44Z,Willyfrog
1116,2020-01-21T14:07:11Z,deanwhillier
1120,2019-12-04T14:42:53Z,cpanato
1123,2019-12-30T10:08:27Z,allenlai18
1124,2019-12-13T16:13:04Z,Willyfrog
1125,2020-01-09T17:37:58Z,devinbinnie
1126,2019-12-16T20:19:47Z,devinbinnie
1127,2019-12-27T09:48:08Z,devinbinnie
1129,2019-12-27T09:47:13Z,Willyfrog
1130,2019-12-13T15:20:11Z,Willyfrog
1132,2019-12-16T14:59:48Z,Willyfrog
1133,2020-01-13T17:28:01Z,devinbinnie
1135,2020-01-09T16:30:49Z,xalkan
1136,2019-12-27T09:44:44Z,devinbinnie
1137,2020-01-17T18:52:06Z,Willyfrog
1139,2020-01-17T03:20:16Z,rascasoft
1145,2020-01-09T09:41:26Z,jupenur
1148,2020-01-17T01:37:26Z,Willyfrog
1149,2020-01-17T18:13:59Z,Willyfrog
1151,2020-01-24T09:07:28Z,devinbinnie
1152,2020-01-16T22:47:14Z,deanwhillier
1155,2020-01-21T14:08:51Z,JtheBAB
1156,2020-02-07T17:04:46Z,Willyfrog
1159,2020-01-23T10:56:30Z,Willyfrog
1162,2020-01-21T15:15:32Z,Willyfrog
1164,2020-02-03T09:15:04Z,Willyfrog
1165,2020-01-23T15:46:18Z,devinbinnie
1166,2020-01-23T16:49:14Z,devinbinnie
1167,2020-01-27T09:25:47Z,Willyfrog
1168,2020-01-27T09:22:31Z,Willyfrog
1169,2020-02-06T11:41:38Z,Willyfrog
1170,2020-01-29T18:12:44Z,Willyfrog
1171,2020-01-29T21:28:33Z,devinbinnie
1173,2020-01-29T23:02:20Z,devinbinnie
1174,2020-01-29T21:59:10Z,devinbinnie
1175,2020-01-29T23:28:54Z,devinbinnie
1177,2020-02-06T04:04:45Z,amyblais
1179,2020-03-19T20:51:27Z,Willyfrog
1180,2020-02-06T11:19:21Z,devinbinnie
1183,2020-02-10T20:35:13Z,Willyfrog
1185,2020-02-06T14:29:16Z,devinbinnie
1186,2020-02-11T10:06:43Z,Willyfrog
1190,2020-02-12T17:48:45Z,deanwhillier
1191,2020-02-14T20:21:10Z,devinbinnie
1192,2020-02-14T21:08:15Z,Willyfrog
1193,2020-02-14T18:45:07Z,devinbinnie
1194,2020-02-14T19:09:06Z,devinbinnie
1195,2020-02-14T20:39:42Z,devinbinnie
1196,2020-02-18T14:50:52Z,deanwhillier
1197,2020-02-18T22:18:40Z,deanwhillier
1198,2020-02-18T14:49:22Z,deanwhillier
1199,2020-02-18T14:50:37Z,deanwhillier
1208,2020-03-13T22:46:31Z,nevyangelova
1213,2020-04-01T14:29:34Z,nevyangelova
1216,2020-04-02T13:56:23Z,devinbinnie
1218,2020-03-06T09:56:54Z,nevyangelova
1226,2020-04-02T13:59:32Z,Willyfrog
1237,2020-03-26T17:07:07Z,Willyfrog
1238,2020-03-17T20:34:39Z,Willyfrog
1240,2020-04-02T14:12:30Z,Willyfrog
1242,2020-04-02T12:50:24Z,Willyfrog
1243,2020-03-25T16:41:58Z,devinbinnie
1244,2020-03-26T18:24:08Z,devinbinnie
1247,2020-04-02T15:39:30Z,Willyfrog
1248,2020-04-01T18:08:01Z,devinbinnie
1256,2020-04-02T14:08:58Z,Willyfrog
1257,2020-04-02T16:38:58Z,Willyfrog
1,2017-03-16T14:00:17Z,enahum
2,2017-03-16T14:00:16Z,enahum
4,2017-03-16T15:35:14Z,jwilander
5,2017-03-16T15:35:28Z,jwilander
6,2017-03-17T14:52:00Z,enahum
7,2017-03-17T14:52:12Z,enahum
9,2017-03-20T15:14:47Z,jwilander
10,2017-03-20T16:01:19Z,enahum
12,2017-03-20T14:52:46Z,hmhealey
13,2017-03-21T13:07:16Z,jwilander
14,2017-03-22T14:45:32Z,jwilander
15,2017-03-21T19:23:48Z,csduarte
16,2017-03-22T17:43:43Z,jwilander
17,2017-03-23T23:44:20Z,jwilander
18,2017-03-23T14:26:57Z,hmhealey
19,2017-03-23T14:26:34Z,hmhealey
20,2017-03-23T16:22:52Z,hmhealey
21,2017-03-23T20:21:00Z,csduarte
22,2017-03-23T21:39:20Z,enahum
23,2017-03-23T21:52:50Z,enahum
24,2017-03-24T00:36:02Z,enahum
25,2017-03-24T00:22:57Z,jwilander
26,2017-03-24T17:24:21Z,enahum
27,2017-03-26T13:39:57Z,enahum
28,2017-03-27T02:06:34Z,enahum
29,2017-03-27T16:10:24Z,csduarte
30,2017-03-27T16:10:53Z,csduarte
31,2017-03-27T21:03:56Z,jwilander
32,2017-03-28T02:29:15Z,jwilander
33,2017-03-29T02:13:25Z,enahum
34,2017-03-29T18:18:10Z,enahum
35,2017-03-30T03:12:02Z,enahum
36,2017-03-30T03:23:27Z,enahum
37,2017-03-31T16:21:51Z,jwilander
38,2017-04-02T13:55:36Z,jwilander
39,2017-04-02T14:01:39Z,jwilander
40,2017-04-03T16:37:02Z,enahum
41,2017-04-03T16:37:11Z,enahum
42,2017-04-04T02:19:07Z,jwilander
43,2017-04-04T13:36:38Z,jwilander
44,2017-04-05T12:34:48Z,jwilander
45,2017-04-05T15:29:25Z,enahum
46,2017-04-05T15:39:56Z,enahum
47,2017-04-05T15:52:27Z,jwilander
48,2017-04-05T22:40:58Z,jwilander
49,2017-04-07T11:46:00Z,enahum
50,2017-04-07T21:10:34Z,enahum
51,2017-04-07T11:46:12Z,enahum
52,2017-04-08T14:33:46Z,csduarte
53,2017-04-07T19:07:34Z,csduarte
54,2017-04-07T21:41:38Z,enahum
55,2017-04-07T21:38:57Z,enahum
56,2017-04-10T14:46:10Z,hmhealey
57,2017-04-11T14:44:42Z,jwilander
58,2017-04-18T20:41:51Z,csduarte
59,2017-04-12T14:58:35Z,enahum
60,2017-04-12T15:50:39Z,enahum
61,2017-04-14T14:10:43Z,enahum
62,2017-04-17T12:29:43Z,enahum
64,2017-04-14T12:49:08Z,hmhealey
65,2017-04-17T20:55:22Z,enahum
66,2017-04-18T20:42:22Z,enahum
67,2017-04-18T21:36:43Z,enahum
68,2017-04-18T20:43:00Z,enahum
69,2017-04-19T15:44:11Z,csduarte
70,2017-04-20T23:31:13Z,jwilander
71,2017-04-20T22:29:27Z,enahum
72,2017-04-21T13:37:00Z,jwilander
73,2017-04-21T15:36:14Z,jwilander
74,2017-04-21T16:31:36Z,enahum
75,2017-04-21T17:17:11Z,enahum
76,2017-04-24T20:33:02Z,enahum
77,2017-04-24T22:09:44Z,jwilander
79,2017-04-27T13:46:45Z,hmhealey
80,2017-04-26T17:39:44Z,enahum
81,2017-04-27T11:34:53Z,csduarte
82,2017-04-26T21:10:47Z,enahum
83,2017-04-28T20:47:55Z,jwilander
84,2017-05-01T21:42:29Z,enahum
85,2017-05-01T21:42:06Z,hmhealey
86,2017-05-02T13:01:11Z,jwilander
87,2017-05-02T14:50:12Z,enahum
89,2017-05-02T23:29:13Z,jwilander
90,2017-05-09T12:33:54Z,csduarte
91,2017-05-10T13:23:57Z,csduarte
92,2017-05-09T22:16:15Z,enahum
93,2017-05-11T12:33:47Z,enahum
94,2017-05-11T20:31:47Z,jwilander
95,2017-05-15T12:29:49Z,jwilander
96,2017-05-11T21:28:59Z,jwilander
97,2017-05-15T15:16:51Z,hmhealey
98,2017-05-15T15:50:50Z,jwilander
99,2017-05-15T15:50:59Z,jwilander
100,2017-05-15T17:46:15Z,enahum
101,2017-05-15T20:42:40Z,jwilander
102,2017-05-18T11:54:59Z,enahum
103,2017-05-18T11:54:28Z,enahum
104,2017-05-19T13:06:51Z,jwilander
105,2017-05-19T23:23:00Z,enahum
106,2017-05-21T15:48:34Z,jwilander
107,2017-05-22T14:09:22Z,cpanato
108,2017-05-22T15:47:33Z,jwilander
109,2017-05-22T15:34:42Z,enahum
110,2017-05-22T23:36:12Z,enahum
111,2017-05-23T18:49:22Z,enahum
112,2017-05-24T14:01:58Z,enahum
113,2017-05-24T19:04:48Z,jwilander
114,2017-05-25T13:10:07Z,jwilander
115,2017-05-25T13:53:22Z,jwilander
116,2017-05-25T20:49:00Z,jwilander
117,2017-05-26T19:44:45Z,jwilander
118,2017-05-29T13:40:38Z,enahum
119,2017-05-29T20:54:45Z,jwilander
120,2017-05-30T12:11:21Z,jwilander
121,2017-05-30T12:43:37Z,jwilander
122,2017-05-30T18:52:02Z,enahum
123,2017-05-30T20:57:39Z,enahum
124,2017-05-30T21:52:07Z,enahum
125,2017-05-30T23:06:51Z,enahum
126,2017-06-04T14:29:24Z,n1aba
127,2017-06-01T13:26:51Z,jwilander
128,2017-06-01T19:47:01Z,csduarte
129,2017-06-02T19:41:52Z,jwilander
130,2017-06-02T20:11:19Z,jwilander
131,2017-06-04T14:30:42Z,jwilander
132,2017-06-04T15:44:29Z,jwilander
133,2017-06-04T15:44:16Z,jwilander
134,2017-06-04T17:56:36Z,jwilander
136,2017-06-05T18:48:52Z,enahum
137,2017-06-06T22:29:01Z,enahum
138,2017-06-08T12:51:24Z,enahum
139,2017-06-08T12:49:40Z,jwilander
140,2017-06-08T20:59:15Z,jwilander
141,2017-06-09T01:13:52Z,enahum
142,2017-06-11T09:31:10Z,enahum
143,2017-06-12T11:26:17Z,n1aba
144,2017-06-12T14:37:38Z,enahum
145,2017-06-12T14:40:16Z,hmhealey
146,2017-06-12T17:31:08Z,jwilander
147,2017-06-12T22:10:30Z,hmhealey
148,2017-06-12T22:19:06Z,enahum
149,2017-06-13T15:22:15Z,jwilander
150,2017-06-13T22:47:43Z,jwilander
151,2017-06-14T01:51:38Z,jwilander
152,2017-06-14T13:30:09Z,jwilander
153,2017-06-19T15:16:53Z,hmhealey
154,2017-06-15T12:04:43Z,enahum
155,2017-06-15T14:02:09Z,hmhealey
156,2017-06-15T13:24:55Z,jwilander
157,2017-06-15T13:34:09Z,hmhealey
158,2017-06-15T14:01:51Z,hmhealey
159,2017-06-15T20:53:19Z,jwilander
160,2017-06-15T21:51:42Z,csduarte
161,2017-06-16T13:42:49Z,hmhealey
162,2017-06-16T20:26:22Z,jwilander
163,2017-06-18T13:10:53Z,hmhealey
164,2017-06-18T13:22:54Z,jwilander
165,2017-06-19T12:22:27Z,jwilander
166,2017-06-19T12:57:36Z,jwilander
167,2017-06-19T19:43:57Z,csduarte
168,2017-06-19T22:49:41Z,hmhealey
169,2017-06-20T17:30:49Z,jwilander
170,2017-06-20T23:19:33Z,jwilander
171,2017-06-21T13:31:13Z,n1aba
172,2017-06-21T13:29:06Z,jwilander
173,2017-06-23T12:16:16Z,jwilander
174,2017-06-23T18:11:19Z,hmhealey
175,2017-06-26T17:38:08Z,hmhealey
176,2017-06-26T17:36:47Z,enahum
177,2017-06-26T17:38:28Z,csduarte
178,2017-06-26T16:55:27Z,jwilander
179,2017-06-26T18:38:54Z,enahum
180,2017-06-27T20:42:02Z,enahum
182,2017-06-28T13:58:07Z,saturninoabril
183,2017-06-29T21:40:44Z,grundleborg
184,2017-07-01T15:09:35Z,hmhealey
185,2017-07-01T15:09:53Z,hmhealey
186,2017-07-02T16:16:32Z,jwilander
187,2017-07-03T21:18:00Z,enahum
188,2017-07-04T19:56:59Z,enahum
189,2017-07-11T15:28:09Z,jwilander
190,2017-07-05T00:30:21Z,hmhealey
191,2017-07-05T00:40:11Z,hmhealey
193,2017-07-05T17:05:08Z,hmhealey
194,2017-07-08T21:38:06Z,grundleborg
195,2017-07-08T21:36:41Z,hmhealey
196,2017-07-12T14:23:56Z,hmhealey
197,2017-07-13T14:44:36Z,enahum
198,2017-07-14T21:42:45Z,csduarte
199,2017-07-17T14:10:28Z,grundleborg
200,2017-07-17T19:14:49Z,enahum
201,2017-07-19T12:10:13Z,grundleborg
202,2017-07-19T13:10:08Z,jwilander
203,2017-07-20T15:59:40Z,enahum
204,2017-07-31T18:11:12Z,jwilander
205,2017-07-20T16:05:13Z,enahum
206,2017-07-27T12:40:22Z,n1aba
207,2017-07-27T12:39:50Z,hmhealey
208,2017-07-27T22:10:20Z,csduarte
209,2017-07-27T15:42:35Z,saturninoabril
210,2017-07-28T02:39:11Z,enahum
212,2017-07-28T17:53:12Z,csduarte
213,2017-07-28T20:19:19Z,hmhealey
214,2017-07-28T20:18:57Z,enahum
215,2017-08-01T13:13:46Z,jwilander
216,2017-08-01T21:15:26Z,jwilander
217,2017-08-01T21:26:41Z,jwilander
218,2017-08-01T21:43:02Z,jwilander
219,2017-08-02T13:42:59Z,saturninoabril
220,2017-08-02T14:17:28Z,enahum
221,2017-08-03T20:16:41Z,hmhealey
222,2017-08-08T16:54:16Z,dmeza
223,2017-08-10T13:37:05Z,jwilander
224,2017-08-15T12:44:29Z,hmhealey
225,2017-08-15T12:43:58Z,kevin3274
226,2017-08-15T17:34:27Z,jwilander
227,2017-08-16T12:03:45Z,jwilander
228,2017-08-16T13:14:33Z,jwilander
229,2017-08-17T14:03:07Z,jwilander
230,2017-08-17T08:38:07Z,ccbrown
231,2017-08-18T12:19:36Z,brettmc
232,2017-08-18T18:41:19Z,brettmc
233,2017-08-18T12:20:38Z,aditya-konarde
234,2017-08-22T12:12:18Z,brettmc
235,2017-08-22T13:54:37Z,enahum
236,2017-08-22T13:54:24Z,brettmc
237,2017-08-29T18:16:20Z,ccbrown
238,2017-11-14T22:18:23Z,brettmc
239,2017-08-24T14:31:10Z,enahum
240,2017-08-29T13:14:00Z,brettmc
241,2017-08-25T15:32:31Z,saturninoabril
242,2017-08-31T12:11:41Z,jwilander
243,2017-08-31T12:11:30Z,jwilander
244,2017-08-31T19:40:01Z,jwilander
245,2017-09-06T13:36:59Z,jwilander
246,2017-09-25T11:48:33Z,n1aba
247,2017-09-08T21:45:46Z,coreyhulen
248,2017-09-12T12:31:39Z,coreyhulen
249,2017-09-12T13:44:07Z,enahum
250,2017-09-12T16:53:47Z,enahum
251,2017-09-12T17:58:28Z,jwilander
252,2017-09-15T12:52:07Z,jwilander
253,2017-09-18T16:24:33Z,jwilander
254,2017-09-19T21:06:34Z,enahum
256,2017-09-27T13:51:39Z,jespino
257,2017-09-25T11:47:54Z,hmhealey
258,2017-09-27T13:35:06Z,saturninoabril
259,2017-09-26T17:51:50Z,saturninoabril
260,2017-09-27T13:56:22Z,enahum
262,2017-10-04T01:17:02Z,ccbrown
263,2017-10-10T17:15:41Z,enahum
264,2017-10-16T13:29:40Z,hmhealey
265,2017-10-23T13:16:08Z,jwilander
266,2017-10-11T19:47:54Z,hmhealey
267,2017-10-19T19:06:00Z,rickbatka
269,2017-10-16T15:15:23Z,enahum
271,2017-10-19T12:11:58Z,fraziern
272,2017-10-17T18:41:18Z,enahum
273,2017-11-01T20:00:46Z,jwilander
274,2017-10-19T19:05:20Z,fraziern
275,2017-10-19T11:06:22Z,hmhealey
276,2017-10-19T15:47:10Z,enahum
277,2017-10-19T15:51:53Z,enahum
278,2017-10-23T12:35:48Z,enahum
279,2017-10-20T14:48:31Z,hmhealey
280,2017-10-20T12:59:05Z,jasonblais
281,2017-10-24T19:40:40Z,jwilander
283,2017-10-23T13:45:54Z,enahum
284,2017-10-25T14:35:34Z,fraziern
285,2017-10-30T13:08:45Z,jwilander
286,2017-11-01T17:06:58Z,saturninoabril
287,2017-11-01T20:40:16Z,cometkim
288,2017-11-01T13:39:23Z,ccbrown
289,2017-11-01T18:14:37Z,tkbky
290,2017-11-01T18:50:29Z,enahum
291,2017-11-01T21:35:20Z,jespino
293,2017-11-02T15:03:47Z,jespino
294,2017-11-01T20:32:36Z,jwilander
295,2017-11-03T18:00:29Z,MusikPolice
296,2017-11-02T20:11:17Z,enahum
297,2017-11-03T17:56:34Z,ccbrown
298,2017-11-03T17:59:42Z,jespino
299,2017-11-13T15:58:49Z,sudheerDev
300,2017-11-03T17:57:15Z,sudheerDev
301,2017-11-05T15:34:52Z,jespino
303,2017-11-06T18:12:17Z,enahum
304,2017-11-08T14:24:26Z,jwilander
305,2017-11-08T16:37:16Z,hmhealey
306,2017-11-08T16:54:52Z,enahum
307,2017-11-08T17:11:55Z,enahum
308,2017-11-10T15:28:22Z,csduarte
309,2017-11-09T13:16:42Z,enahum
310,2017-11-09T15:49:19Z,hmhealey
311,2017-11-09T17:17:23Z,hmhealey
312,2017-11-09T18:30:21Z,enahum
313,2017-11-13T13:50:05Z,hmhealey
314,2017-11-13T16:33:00Z,enahum
315,2017-11-13T13:48:11Z,sudheerDev
316,2017-11-13T16:40:04Z,enahum
317,2017-11-13T14:19:30Z,enahum
318,2017-11-13T19:18:49Z,csduarte
319,2017-11-14T12:48:58Z,enahum
320,2017-11-13T23:18:07Z,enahum
321,2017-11-16T14:27:35Z,sudheerDev
322,2017-11-15T14:51:02Z,sudheerDev
323,2017-11-16T15:45:34Z,enahum
325,2017-11-16T14:35:19Z,sudheerDev
326,2017-11-16T17:38:10Z,jespino
327,2017-11-17T18:43:05Z,enahum
328,2017-11-21T15:44:02Z,enahum
329,2017-11-21T17:25:53Z,mkraft
330,2017-11-22T23:42:16Z,csduarte
331,2017-11-23T18:55:36Z,enahum
332,2017-11-23T23:47:53Z,sudheerDev
333,2017-11-24T21:52:26Z,sudheerDev
334,2017-11-24T21:41:23Z,jwilander
335,2017-11-24T21:51:14Z,enahum
336,2018-01-04T22:02:22Z,kaakaa
337,2017-11-28T15:51:37Z,jespino
338,2017-11-29T15:02:33Z,ccbrown
339,2017-11-28T15:58:22Z,jespino
341,2017-12-12T15:22:50Z,hmhealey
342,2017-12-05T01:10:14Z,csduarte
343,2017-12-05T13:38:48Z,saturninoabril
344,2017-12-04T22:11:44Z,saturninoabril
345,2017-12-05T14:51:22Z,jwilander
346,2017-12-05T21:20:32Z,jwilander
347,2017-12-08T00:23:47Z,enahum
348,2017-12-08T00:23:32Z,jespino
350,2017-12-07T16:01:29Z,hmhealey
351,2017-12-08T00:32:58Z,ccbrown
353,2018-01-24T00:43:39Z,xuxip
355,2017-12-14T22:46:25Z,enahum
356,2018-01-09T15:40:53Z,watadarkstar
357,2018-01-11T20:51:25Z,mkraft
358,2018-01-11T20:50:20Z,jespino
359,2018-01-31T09:51:52Z,saturninoabril
360,2018-02-06T17:08:54Z,jespino
361,2018-01-17T18:13:05Z,enahum
362,2018-01-17T22:18:54Z,enahum
363,2018-01-18T13:25:35Z,enahum
364,2018-01-18T13:28:38Z,jespino
365,2018-01-18T16:41:16Z,jespino
366,2018-01-19T15:08:36Z,jespino
367,2018-01-23T16:17:02Z,jwilander
368,2018-01-23T14:52:30Z,hmhealey
369,2018-01-23T14:53:06Z,jwilander
370,2018-01-23T18:03:01Z,jwilander
371,2018-01-23T16:46:05Z,enahum
373,2018-01-25T16:34:10Z,jwilander
374,2018-01-24T13:22:21Z,enahum
375,2018-01-24T21:35:14Z,hmhealey
376,2018-01-25T20:27:39Z,stephenkiers
377,2018-01-26T19:32:01Z,stephenkiers
378,2018-01-30T19:47:07Z,jespino
379,2018-01-31T14:10:39Z,jwilander
380,2018-03-21T18:42:41Z,jespino
381,2018-01-28T16:40:22Z,jespino
382,2018-01-29T21:04:51Z,enahum
383,2018-02-01T16:13:06Z,jwilander
384,2018-01-31T14:22:18Z,ccbrown
385,2018-01-30T23:00:31Z,enahum
386,2018-01-31T22:46:33Z,hmhealey
387,2018-02-02T02:50:08Z,stephenkiers
388,2018-03-09T12:49:38Z,stephenkiers
389,2018-02-05T22:42:21Z,jwilander
390,2018-02-06T17:54:04Z,stephenkiers
391,2018-02-09T16:22:38Z,mkraft
392,2018-02-06T22:43:12Z,hmhealey
393,2018-02-09T18:33:50Z,stephenkiers
394,2018-02-07T14:02:45Z,saturninoabril
395,2018-02-07T16:10:57Z,jespino
397,2018-02-13T14:55:40Z,jespino
398,2018-02-09T15:21:17Z,jespino
399,2018-02-09T17:46:02Z,hmhealey
400,2018-03-06T21:06:14Z,cpanato
401,2018-02-12T20:07:45Z,enahum
402,2018-03-27T20:14:46Z,mkraft
403,2018-03-01T19:12:16Z,chumbalum
404,2018-02-13T22:34:15Z,jwilander
405,2018-02-16T00:37:02Z,crspeller
406,2018-02-19T12:26:18Z,jespino
407,2018-02-19T14:08:56Z,jespino
408,2018-02-21T16:13:13Z,enahum
410,2018-02-20T21:04:21Z,jwilander
412,2018-02-23T14:04:52Z,lieut-data
414,2018-02-22T14:09:24Z,Hunga1
415,2018-02-26T15:50:22Z,hmhealey
416,2018-02-23T13:16:56Z,jespino
418,2018-03-06T21:01:32Z,lieut-data
419,2018-03-07T22:02:43Z,lieut-data
420,2018-03-08T19:53:04Z,enahum
421,2018-03-12T18:44:46Z,jespino
422,2018-03-12T10:54:42Z,jwilander
423,2018-03-14T21:27:17Z,stanchan
424,2018-03-13T16:45:01Z,jespino
425,2018-03-26T13:49:50Z,csduarte
426,2018-03-16T23:32:30Z,saturninoabril
427,2018-03-26T17:32:35Z,jwilander
428,2018-03-22T12:52:57Z,hmhealey
429,2018-03-27T10:32:44Z,csduarte
430,2018-03-23T18:23:43Z,hmhealey
431,2018-03-26T18:57:11Z,saturninoabril
432,2018-03-26T16:23:47Z,saturninoabril
433,2018-04-06T21:13:52Z,jespino
434,2018-03-26T11:54:29Z,enahum
435,2018-03-26T14:55:24Z,jespino
436,2018-03-26T18:34:07Z,jespino
437,2018-03-27T12:42:57Z,grundleborg
438,2018-03-27T18:22:37Z,hmhealey
439,2018-03-27T19:11:10Z,mkraft
441,2018-03-27T21:36:34Z,grundleborg
442,2018-03-27T20:58:36Z,jespino
443,2018-03-28T09:24:48Z,jespino
444,2018-03-28T09:42:06Z,jespino
445,2018-03-28T09:42:15Z,jespino
447,2018-03-29T14:03:52Z,jespino
448,2018-03-28T13:38:54Z,saturninoabril
449,2018-03-28T17:18:10Z,grundleborg
450,2018-03-29T12:58:51Z,lieut-data
451,2018-04-02T18:58:24Z,jwilander
452,2018-04-02T13:58:25Z,hmhealey
453,2018-04-02T21:26:00Z,lieut-data
454,2018-04-03T21:00:30Z,koxen
455,2018-04-10T16:33:40Z,jespino
456,2018-05-14T18:48:59Z,saturninoabril
457,2018-04-12T15:01:21Z,jespino
458,2018-04-12T12:42:24Z,lieut-data
459,2018-04-13T14:16:14Z,enahum
460,2018-04-20T13:22:54Z,hmhealey
461,2018-05-02T11:28:48Z,mkraft
462,2018-04-18T16:42:40Z,mkraft
463,2018-04-18T20:46:17Z,jespino
464,2018-04-25T13:52:26Z,saturninoabril
465,2018-04-20T22:56:55Z,hmhealey
466,2018-04-23T13:58:59Z,lieut-data
467,2018-04-23T12:37:55Z,lieut-data
470,2018-04-25T16:39:18Z,jespino
471,2018-04-26T17:42:47Z,saturninoabril
472,2018-04-27T13:13:19Z,hmhealey
473,2018-04-27T13:58:27Z,hmhealey
474,2018-04-30T12:36:21Z,saturninoabril
475,2018-05-03T13:21:51Z,sudheerDev
476,2018-05-03T13:23:35Z,mkraft
477,2018-05-02T15:07:24Z,enahum
478,2018-05-03T13:56:22Z,hmhealey
479,2018-05-03T13:21:01Z,jwilander
480,2018-05-14T13:33:06Z,jespino
481,2018-05-03T21:18:23Z,hmhealey
482,2018-05-04T10:14:54Z,jespino
483,2018-05-04T19:05:56Z,mkraft
484,2018-05-04T17:26:36Z,hmhealey
485,2018-05-04T22:53:30Z,saturninoabril
486,2018-05-05T11:02:53Z,gnufede
487,2018-05-05T11:41:58Z,gnufede
488,2018-05-05T13:28:29Z,gnufede
489,2018-05-18T09:56:05Z,jespino
490,2018-05-08T12:50:19Z,lieut-data
491,2018-05-09T10:20:04Z,saturninoabril
493,2018-05-24T20:46:07Z,saturninoabril
495,2018-05-10T20:03:17Z,enahum
496,2018-05-15T17:22:41Z,lieut-data
497,2018-05-15T06:24:53Z,jespino
498,2018-05-15T19:46:37Z,lieut-data
499,2018-05-15T21:02:47Z,saturninoabril
500,2018-05-24T12:27:52Z,enahum
501,2018-05-17T18:05:53Z,jespino
502,2018-06-04T12:57:01Z,saturninoabril
503,2018-05-22T14:57:15Z,crspeller
504,2018-05-18T15:56:18Z,saturninoabril
505,2018-05-23T00:47:38Z,lieut-data
506,2018-05-23T12:53:11Z,jasonblais
508,2018-06-25T13:09:58Z,lisakycho
509,2018-05-24T18:51:15Z,lieut-data
510,2018-05-25T08:08:25Z,jespino
511,2018-05-25T13:20:39Z,hmhealey
513,2018-05-29T12:46:56Z,jespino
514,2018-05-31T09:29:11Z,grundleborg
515,2018-06-01T18:32:02Z,hmhealey
516,2018-06-04T15:15:55Z,saturninoabril
517,2018-06-02T15:39:44Z,jespino
518,2018-06-04T12:57:21Z,jespino
519,2018-06-20T20:56:58Z,jespino
520,2018-06-07T13:43:29Z,jespino
521,2018-06-06T12:49:05Z,mkraft
522,2018-06-07T14:15:13Z,csduarte
523,2018-06-07T15:49:00Z,saturninoabril
524,2018-06-08T15:04:43Z,cpanato
525,2018-06-08T19:23:08Z,lieut-data
526,2018-06-08T19:27:55Z,lieut-data
527,2018-06-08T21:31:23Z,mkraft
528,2018-06-18T13:05:41Z,cpanato
529,2018-06-11T18:10:30Z,cpanato
530,2018-06-13T13:11:44Z,jespino
531,2018-06-13T13:09:12Z,cpanato
532,2018-06-14T07:09:25Z,hmhealey
533,2018-06-14T13:58:55Z,mkraft
534,2018-06-14T16:47:30Z,cpanato
535,2018-06-20T13:19:39Z,hmhealey
536,2018-06-18T12:00:24Z,jespino
537,2018-06-18T14:05:49Z,cpanato
538,2018-06-18T19:39:18Z,saturninoabril
539,2018-06-20T12:01:56Z,jwilander
540,2018-06-19T11:28:31Z,saturninoabril
541,2018-06-20T07:58:10Z,hmhealey
542,2018-06-20T04:52:24Z,saturninoabril
543,2018-06-20T17:42:16Z,enahum
544,2018-06-27T19:35:26Z,kennethjeremyau
545,2018-06-21T16:25:50Z,hmhealey
546,2018-06-26T17:46:21Z,enahum
547,2018-06-22T22:15:53Z,cpanato
548,2018-06-22T20:53:59Z,hmhealey
549,2018-07-17T14:47:11Z,csduarte
550,2018-06-25T15:45:41Z,hmhealey
551,2018-06-25T15:54:37Z,hmhealey
552,2018-06-26T21:05:24Z,hmhealey
553,2018-06-26T20:49:06Z,hmhealey
554,2018-06-28T17:24:59Z,jwilander
555,2018-07-03T17:54:23Z,jespino
556,2018-07-30T18:10:20Z,jespino
558,2018-07-05T13:59:21Z,sudheerDev
559,2018-07-09T17:35:43Z,enahum
560,2018-07-11T11:16:26Z,pradeepmurugesan
561,2018-07-09T08:45:11Z,pradeepmurugesan
562,2018-07-10T11:34:23Z,pradeepmurugesan
563,2018-07-12T14:56:47Z,kennethjeremyau
564,2018-07-10T18:53:22Z,jwilander
565,2018-07-10T18:10:22Z,cpanato
567,2018-07-14T16:22:02Z,jwilander
568,2018-07-17T09:03:26Z,pepf
569,2018-07-14T16:58:34Z,jwilander2
572,2018-07-23T17:53:45Z,pepf
573,2018-07-20T08:00:27Z,mkraft
574,2018-07-23T14:49:40Z,sudheerDev
575,2018-07-19T14:30:46Z,jwilander
577,2018-08-20T09:02:49Z,sudheerDev
578,2018-07-23T21:52:41Z,cometkim
579,2018-11-06T17:54:31Z,cometkim
580,2018-07-27T14:01:15Z,hmhealey
582,2018-07-27T14:54:30Z,saturninoabril
583,2018-07-31T17:59:01Z,saturninoabril
584,2018-08-01T16:06:10Z,jespino
585,2018-08-01T17:42:41Z,sudheerDev
586,2018-08-02T13:41:25Z,saturninoabril
587,2018-08-02T13:04:31Z,hmhealey
588,2018-08-08T05:13:00Z,sudheerDev
589,2018-08-03T17:44:01Z,lieut-data
590,2018-08-08T14:29:38Z,lieut-data
591,2018-08-03T18:01:28Z,mkraft
592,2018-08-07T17:58:07Z,lieut-data
595,2018-08-08T13:23:29Z,hmhealey
596,2018-08-10T08:08:24Z,jespino
598,2018-08-10T13:47:23Z,cpanato
599,2018-08-10T14:34:50Z,jespino
600,2018-08-20T23:29:00Z,jasonblais
602,2018-11-09T14:56:14Z,csduarte
603,2018-08-15T17:56:06Z,mkraft
604,2018-08-16T00:16:05Z,mkraft
605,2018-08-16T00:17:31Z,jespino
607,2018-08-16T12:54:23Z,cpanato
608,2018-08-22T12:30:12Z,R-Wang97
609,2018-08-21T13:37:19Z,sudheerDev
610,2018-08-23T19:21:01Z,jwilander
611,2018-08-24T12:48:51Z,mkraft
612,2018-10-17T13:59:18Z,cpanato
614,2018-08-29T14:52:14Z,R-Wang97
615,2018-08-27T21:40:40Z,dmitrysamuylovpharo
617,2018-08-29T12:17:43Z,jwilander
618,2018-09-03T12:14:38Z,sudheerDev
619,2018-08-30T13:29:45Z,hmhealey
620,2018-08-30T18:37:57Z,sudheerDev
621,2018-09-11T20:48:58Z,jespino
622,2018-09-03T12:56:29Z,cpanato
623,2018-09-06T11:15:15Z,crspeller
624,2018-09-07T13:17:11Z,jwilander
625,2018-09-07T20:36:54Z,saturninoabril
626,2018-09-07T20:03:25Z,enahum
627,2018-09-07T20:17:47Z,crspeller
628,2018-09-14T12:01:11Z,R-Wang97
629,2018-09-12T14:21:54Z,sudheerDev
630,2018-09-10T14:45:43Z,cpanato
631,2018-09-12T19:22:50Z,jwilander
632,2018-09-11T20:50:10Z,hmhealey
633,2018-09-12T13:31:36Z,cpanato
634,2018-09-14T12:05:54Z,sudheerDev
635,2018-09-18T16:51:53Z,hmhealey
637,2018-09-20T14:22:19Z,crspeller
638,2018-09-24T13:41:20Z,cpanato
639,2018-09-24T13:36:01Z,ThiefMaster
640,2018-09-21T18:57:24Z,jwilander
642,2018-09-26T21:20:09Z,chetanyakan
643,2018-09-26T13:19:02Z,crspeller
644,2018-09-27T13:59:07Z,saturninoabril
645,2018-09-25T06:28:44Z,hmhealey
646,2018-10-01T09:43:28Z,jasonblais
647,2018-09-26T12:14:55Z,jasonblais
648,2018-09-27T10:41:28Z,jespino
649,2018-09-26T14:26:22Z,jasonblais
650,2018-09-27T13:00:10Z,enahum
651,2018-10-09T21:15:27Z,mojicaj
652,2018-10-02T06:05:10Z,jespino
653,2018-10-01T12:11:48Z,jespino
656,2018-10-01T15:21:56Z,jespino
657,2018-09-28T15:38:24Z,crspeller
658,2018-10-17T15:24:28Z,lieut-data
659,2018-10-04T21:07:00Z,anchepiece
660,2018-10-08T07:08:25Z,danmaas
661,2018-10-03T18:46:32Z,enahum
663,2018-10-05T15:27:59Z,saturninoabril
664,2018-10-16T11:16:19Z,jlevesy
665,2018-10-07T05:23:33Z,cometkim
666,2018-10-05T17:13:44Z,hmhealey
667,2018-10-05T14:22:52Z,amorriscode
668,2018-10-24T13:30:17Z,pradeepmurugesan
669,2018-10-23T11:04:50Z,cometkim
670,2018-10-08T07:07:23Z,sudheerDev
671,2018-10-10T00:57:23Z,harshilsharma
672,2018-10-15T15:25:58Z,hmhealey
673,2018-10-11T15:00:47Z,mkraft
674,2018-10-10T19:34:42Z,chetanyakan
675,2018-10-11T17:41:25Z,hmhealey
676,2018-10-11T10:12:22Z,jwilander
678,2018-10-17T10:25:07Z,MattMattV
679,2018-10-18T10:58:20Z,grundleborg
683,2018-10-22T21:26:13Z,sudheerDev
684,2018-10-24T19:29:07Z,jwilander
685,2018-11-16T22:34:39Z,zetaab
686,2018-10-29T12:59:45Z,saturninoabril
688,2018-11-05T13:57:16Z,chetanyakan
689,2018-10-31T15:44:54Z,hmhealey
690,2018-11-01T12:16:53Z,jwilander
691,2018-10-31T16:31:52Z,hmhealey
692,2018-10-30T16:00:05Z,grundleborg
695,2018-11-08T07:05:36Z,chrux
696,2018-11-06T12:41:16Z,danmaas
697,2018-11-23T21:11:09Z,letsila
698,2018-11-12T13:58:50Z,amorriscode
699,2019-01-28T12:02:49Z,zeroimpl
700,2018-11-08T14:44:34Z,pradeepmurugesan
701,2018-11-02T16:41:50Z,sudheerDev
702,2018-11-07T20:18:20Z,hmhealey
703,2018-11-07T16:15:59Z,cometkim
704,2018-11-08T15:41:25Z,hmhealey
705,2018-11-09T17:37:44Z,jespino
706,2019-01-10T20:18:18Z,mkraft
707,2018-11-14T17:56:23Z,chetanyakan
708,2018-11-14T18:37:24Z,hmhealey
709,2018-11-19T22:03:29Z,hmhealey
710,2018-11-19T20:29:42Z,jwilander
711,2018-11-21T00:09:25Z,enahum
712,2018-11-19T15:02:37Z,enahum
713,2018-11-20T18:08:58Z,sudheerDev
714,2018-11-22T12:02:43Z,enahum
715,2018-11-22T02:45:51Z,lieut-data
716,2018-11-21T12:00:34Z,grundleborg
717,2018-11-22T14:34:24Z,jespino
718,2018-11-21T21:01:17Z,enahum
719,2018-11-23T16:47:40Z,saturninoabril
720,2018-11-23T20:05:28Z,jespino
721,2018-11-22T22:40:50Z,hmhealey
722,2018-11-29T13:29:35Z,jwilander
723,2018-11-28T15:22:18Z,chetanyakan
725,2018-11-29T17:03:18Z,saturninoabril
726,2018-12-03T14:22:50Z,lieut-data
727,2018-11-30T14:13:32Z,enahum
728,2018-12-04T05:13:04Z,jespino
729,2018-12-06T17:43:13Z,crspeller
731,2018-12-14T12:40:24Z,enahum
732,2018-12-12T18:14:47Z,levb
733,2018-12-07T18:50:09Z,enahum
734,2018-12-10T14:05:46Z,saturninoabril
735,2019-02-12T08:49:25Z,sudheerDev
736,2018-12-12T14:25:34Z,mkraft
737,2018-12-12T20:07:42Z,mkraft
738,2018-12-14T18:23:35Z,saturninoabril
739,2018-12-18T03:34:27Z,levb
740,2018-12-17T14:59:05Z,crspeller
741,2018-12-17T18:18:32Z,saturninoabril
742,2018-12-19T20:19:25Z,migbot
743,2018-12-26T14:17:20Z,saturninoabril
744,2019-01-02T15:54:12Z,cometkim
745,2019-01-10T12:48:30Z,saturninoabril
746,2019-01-04T07:54:08Z,jespino
747,2019-01-09T12:22:31Z,pradeepmurugesan
748,2019-01-04T13:00:47Z,sudheerDev
749,2019-01-09T11:08:58Z,jespino
750,2019-01-05T01:12:11Z,jespino
752,2019-01-09T17:52:33Z,sudheerDev
753,2019-01-30T23:05:38Z,DSchalla
754,2019-01-09T14:50:57Z,jespino
755,2019-01-24T15:22:19Z,jespino
756,2019-01-24T15:21:28Z,lieut-data
757,2019-01-23T15:09:47Z,lieut-data
758,2019-01-28T19:57:26Z,cpanato
759,2019-02-04T17:20:40Z,jespino
760,2019-02-06T16:22:04Z,Robbe7730
762,2019-02-12T11:40:28Z,hmhealey
763,2019-02-16T17:01:15Z,enahum
764,2019-02-21T17:22:50Z,ejachang
765,2019-03-07T11:15:22Z,jespino
766,2019-02-06T17:44:14Z,enahum
767,2019-02-26T14:48:14Z,hmhealey
768,2019-02-19T16:00:49Z,Robbe7730
769,2019-02-20T00:48:19Z,levb
773,2019-02-14T15:55:21Z,bradjcoughlin
774,2019-02-14T18:34:55Z,jwilander
778,2019-02-18T19:05:03Z,migbot
779,2019-03-19T10:25:57Z,jespino
780,2019-02-28T14:15:49Z,enahum
781,2019-02-28T15:27:58Z,hmhealey
782,2019-03-08T14:01:36Z,crspeller
783,2019-03-07T10:05:28Z,saturninoabril
784,2019-03-19T16:13:43Z,gulhe
785,2019-03-04T20:17:34Z,saturninoabril
786,2019-03-07T14:32:22Z,hmhealey
787,2019-03-07T13:15:55Z,jwilander
788,2019-03-14T19:43:40Z,mkraft
789,2019-03-18T20:04:41Z,hmhealey
790,2019-03-12T12:58:05Z,mkraft
791,2019-03-11T21:28:58Z,lieut-data
792,2019-03-13T17:37:39Z,saturninoabril
794,2019-03-25T18:36:18Z,jespino
796,2019-03-19T19:59:10Z,crspeller
797,2019-03-26T12:49:42Z,harshilsharma
798,2019-03-26T18:28:46Z,jespino
799,2019-04-16T21:16:21Z,jespino
800,2019-04-01T13:50:45Z,mkraft
802,2019-04-01T15:42:09Z,crspeller
803,2019-04-25T20:08:47Z,DSchalla
804,2019-04-03T07:48:28Z,danmaas
805,2019-04-09T15:34:10Z,lieut-data
806,2019-04-10T05:29:43Z,mickmister
807,2019-04-15T15:22:28Z,hmhealey
808,2019-04-08T16:22:56Z,mgdelacroix
809,2019-04-09T09:36:44Z,mgdelacroix
810,2019-04-09T11:47:19Z,jespino
811,2019-05-09T19:39:32Z,sudheerDev
812,2019-04-22T13:21:21Z,jwilander
813,2019-04-23T13:48:13Z,cpanato
815,2019-04-23T16:21:00Z,saturninoabril
816,2019-04-26T14:19:32Z,cometkim
817,2019-05-16T09:14:02Z,mgdelacroix
819,2019-04-25T05:43:16Z,migbot
821,2019-05-10T15:48:04Z,mkraft
822,2019-04-29T20:25:06Z,jespino
823,2019-05-07T12:55:17Z,cometkim
824,2019-05-02T12:22:46Z,hanzei
825,2019-05-07T17:41:58Z,jwilander
826,2019-05-03T22:05:00Z,enahum
827,2019-05-15T16:03:36Z,mkraft
828,2019-06-21T23:14:38Z,mgdelacroix
829,2019-05-07T15:52:53Z,saturninoabril
830,2019-05-08T16:40:25Z,migbot
831,2019-05-13T07:34:49Z,reflog
832,2019-05-13T12:46:47Z,enahum
833,2019-05-16T20:53:34Z,enahum
834,2019-05-17T11:07:00Z,jespino
835,2019-05-17T11:07:47Z,jespino
836,2019-05-21T19:00:38Z,migbot
837,2019-05-24T15:29:15Z,mkraft
839,2019-05-24T19:18:23Z,enahum
841,2019-06-03T16:21:13Z,sudheerDev
843,2019-05-29T18:03:23Z,crspeller
844,2019-06-05T22:16:34Z,carmo-evan
845,2019-05-31T13:20:48Z,enahum
846,2019-06-21T09:18:49Z,mgdelacroix
847,2019-06-12T19:45:43Z,Wipeout55
848,2019-06-10T15:53:15Z,cpoile
850,2019-06-17T13:41:45Z,Dak425
851,2019-06-12T19:32:53Z,enahum
852,2019-06-17T14:11:00Z,reflog
853,2019-06-17T14:13:15Z,mkraft
854,2019-06-14T20:25:02Z,enahum
855,2019-06-17T14:28:21Z,enahum
856,2019-06-18T13:11:07Z,mkraft
857,2019-06-19T21:51:02Z,sudheerDev
858,2019-06-24T15:19:34Z,mkraft
859,2019-06-25T11:41:12Z,mkraft
860,2019-06-23T09:29:40Z,mkraft
862,2019-06-24T19:55:50Z,hmhealey
863,2019-06-25T12:19:06Z,mkraft
864,2019-07-08T19:09:30Z,crspeller
865,2019-06-26T13:48:48Z,jespino
866,2019-07-04T09:55:38Z,Willyfrog
867,2019-06-25T14:37:42Z,jasonblais
868,2019-07-02T21:10:40Z,jfrerich
869,2019-06-26T19:13:29Z,mkraft
870,2019-07-02T16:40:43Z,hmhealey
871,2019-07-03T21:10:24Z,mickmister
872,2019-07-04T17:07:37Z,amyblais
873,2019-07-09T17:54:48Z,sudheerDev
874,2019-07-05T16:21:12Z,hmhealey
875,2019-07-16T11:46:29Z,mzaks
876,2019-07-09T14:21:32Z,krjn
877,2019-07-16T18:00:03Z,dependabot
878,2019-07-23T13:50:59Z,sudheerDev
879,2019-07-16T21:52:20Z,migbot
880,2019-07-19T19:49:38Z,sudheerDev
882,2019-07-22T19:10:33Z,jespino
883,2019-07-23T19:29:04Z,crspeller
884,2019-07-22T20:18:52Z,mattermost-build
885,2019-07-24T08:37:27Z,mattermost-build
886,2019-07-23T18:55:01Z,jespino
887,2019-07-29T14:48:38Z,migbot
888,2019-07-29T17:04:37Z,mickmister
889,2019-07-29T17:32:04Z,mattermost-build
890,2019-07-29T19:10:42Z,mattermost-build
891,2019-08-02T19:59:25Z,sudheerDev
892,2019-08-02T20:02:35Z,mattermost-build
893,2019-08-15T19:00:54Z,mgdelacroix
894,2019-08-06T14:57:29Z,migbot
895,2019-08-06T17:23:59Z,migbot
896,2019-08-23T14:24:20Z,Willyfrog
898,2019-08-16T16:51:52Z,cpoile
899,2019-08-19T14:50:25Z,dependabot
900,2019-08-21T10:15:10Z,mgdelacroix
901,2019-08-23T13:45:25Z,sudheerDev
902,2019-08-22T17:56:47Z,jwilander
903,2019-08-26T19:19:04Z,Willyfrog
904,2019-08-29T23:24:57Z,sudheerDev
905,2019-08-23T13:51:47Z,mattermost-build
906,2019-09-06T10:52:50Z,threepwood-mm
907,2019-08-27T12:30:54Z,jwilander
908,2019-08-28T00:21:06Z,sudheerDev
909,2019-09-10T18:41:40Z,dependabot
910,2019-08-28T00:28:49Z,mattermost-build
911,2019-09-17T13:37:55Z,reflog
912,2019-09-04T19:58:10Z,marianunez
913,2019-08-29T23:31:49Z,mattermost-build
914,2019-09-17T13:35:17Z,streamer45
915,2019-09-03T16:59:52Z,cpoile
916,2019-09-17T08:39:04Z,patrickkang
917,2019-09-05T19:09:26Z,ali-farooq0
918,2019-09-24T11:25:07Z,Willyfrog
919,2019-09-11T15:16:27Z,devinbinnie
920,2019-09-11T16:46:23Z,marianunez
921,2019-09-11T18:40:44Z,ali-farooq0
922,2019-09-11T18:10:13Z,marianunez
923,2019-09-12T14:09:18Z,ali-farooq0
924,2019-09-17T18:36:05Z,lieut-data
925,2019-09-18T01:48:12Z,jwilander
926,2019-09-17T13:49:25Z,dependabot
927,2019-09-17T19:13:34Z,mattermost-build
928,2019-09-18T18:20:45Z,reflog
929,2019-09-18T18:27:15Z,mattermost-build
930,2019-10-01T22:37:04Z,devinbinnie
931,2019-09-25T08:19:45Z,hmhealey
932,2019-09-25T18:27:46Z,mattermost-build
933,2019-09-26T11:59:42Z,reflog
934,2019-09-26T12:11:58Z,mattermost-build
935,2019-09-30T14:53:34Z,lieut-data
936,2019-10-16T16:04:09Z,reflog
937,2019-10-01T22:42:31Z,mattermost-build
938,2019-10-09T15:33:47Z,ali-farooq0
941,2019-10-09T16:06:29Z,anindha
943,2019-10-15T13:52:53Z,ali-farooq0
944,2019-10-21T13:29:47Z,hmhealey
945,2019-11-19T16:39:18Z,mkraft
946,2019-10-21T15:34:00Z,marianunez
948,2019-10-21T17:29:41Z,reflog
949,2019-10-21T17:56:28Z,mattermost-build
950,2019-10-22T23:49:33Z,hmhealey
951,2019-10-28T14:05:22Z,jespino
952,2019-10-25T17:53:07Z,JosephSamela
953,2019-11-28T13:11:49Z,mkraft
954,2019-10-28T14:30:56Z,mattermost-build
955,2019-10-28T15:44:18Z,jespino
956,2019-10-29T15:46:47Z,imisshtml
958,2019-10-31T02:41:53Z,imisshtml
959,2019-10-31T03:09:44Z,imisshtml
961,2019-10-31T19:46:25Z,jespino
962,2019-11-05T15:40:01Z,lieut-data
963,2019-11-13T18:09:00Z,valentijnnieman
964,2019-12-18T14:38:52Z,ChrisDobby
965,2019-11-05T15:41:22Z,migbot
966,2019-11-11T16:17:56Z,jespino
967,2020-01-15T11:41:45Z,Willyfrog
968,2019-11-11T20:33:03Z,hmhealey
969,2019-11-06T06:01:22Z,mattermost-build
970,2019-11-07T22:09:46Z,jespino
971,2019-11-12T07:25:57Z,jespino
972,2019-11-19T00:01:30Z,ali-farooq0
973,2019-11-14T13:31:24Z,hahmadia
975,2019-12-03T20:29:49Z,sudheerDev
977,2019-11-12T15:18:20Z,reflog
979,2019-11-12T23:42:59Z,chuttam
980,2019-11-12T21:05:19Z,mickmister
981,2019-12-16T08:36:04Z,avegrv
985,2019-11-13T21:36:32Z,enahum
986,2019-11-18T22:07:22Z,hmhealey
987,2019-11-18T17:35:07Z,lieut-data
988,2019-11-14T00:02:53Z,hmhealey
989,2019-11-17T19:40:00Z,enahum
990,2019-11-27T09:49:11Z,crspeller
991,2019-11-19T17:37:10Z,devinbinnie
992,2019-12-17T11:45:29Z,allenlai18
994,2019-11-28T14:50:25Z,Willyfrog
995,2019-12-13T05:06:51Z,larkox
996,2019-12-03T09:00:08Z,larkox
997,2019-12-10T02:17:56Z,ali-farooq0
998,2019-12-02T18:49:28Z,hahmadia
999,2019-12-02T18:59:09Z,mattermost-build
1000,2019-12-04T10:41:55Z,larkox
1001,2019-12-19T13:54:37Z,hahmadia
1002,2019-12-08T18:30:49Z,migbot
1003,2020-01-07T12:03:12Z,catalintomai
1004,2020-01-21T04:40:25Z,allenlai18
1005,2019-12-12T10:41:50Z,reflog
1006,2020-01-07T14:55:48Z,nadalfederer
1007,2020-01-14T17:15:45Z,nadalfederer
1008,2019-12-19T17:07:58Z,marianunez
1009,2020-01-13T18:02:12Z,catalintomai
1010,2019-12-12T10:32:25Z,reflog
1011,2019-12-13T17:59:59Z,saturninoabril
1012,2019-12-12T11:44:40Z,reflog
1013,2019-12-13T19:21:42Z,hmhealey
1014,2019-12-13T19:28:06Z,mattermost-build
1015,2019-12-16T02:27:31Z,enahum
1016,2019-12-17T01:57:10Z,migbot
1017,2019-12-17T02:05:39Z,mattermost-build
1018,2019-12-17T15:46:17Z,migbot
1019,2019-12-17T16:47:17Z,mattermost-build
1020,2020-01-08T17:43:02Z,devinbinnie
1021,2019-12-20T19:54:47Z,marianunez
1023,2020-01-16T02:17:13Z,marianunez
1024,2019-12-27T22:25:06Z,mkraft
1025,2020-01-14T08:21:43Z,reflog
1026,2020-02-11T21:08:33Z,nadalfederer
1027,2020-01-21T08:42:59Z,atulya-pandey
1028,2019-12-27T22:28:05Z,mattermost-build
1029,2020-01-08T15:09:00Z,reflog
1030,2020-01-07T12:51:46Z,jupenur
1031,2020-01-16T00:45:38Z,jupenur
1032,2020-01-14T07:33:50Z,reflog
1033,2020-01-16T13:38:31Z,hahmadia
1034,2020-01-23T21:01:22Z,reflog
1035,2020-01-21T07:33:39Z,jwilander
1036,2020-01-21T07:40:27Z,mattermost-build
1037,2020-01-27T07:50:34Z,saturninoabril
1038,2020-01-24T17:18:07Z,devinbinnie
1039,2020-01-23T16:01:41Z,devinbinnie
1040,2020-01-24T07:06:54Z,mattermost-build
1041,2020-01-28T19:41:08Z,sbishel
1042,2020-01-24T17:28:02Z,mattermost-build
1043,2020-01-27T07:51:19Z,mattermost-build
1044,2020-01-28T20:15:43Z,mattermost-build
1045,2020-02-06T10:07:25Z,grundleborg
1046,2020-02-06T19:15:45Z,fm2munsh
1047,2020-02-06T18:35:12Z,devinbinnie
1048,2020-02-14T15:23:50Z,fm2munsh
1049,2020-02-18T14:50:39Z,enahum
1050,2020-02-13T17:28:20Z,hmhealey
1051,2020-02-19T09:55:10Z,ethervoid
1052,2020-03-05T15:41:50Z,hmhealey
1053,2020-02-18T18:47:22Z,hmhealey
1054,2020-02-18T14:54:34Z,mattermost-build
1055,2020-02-21T14:59:12Z,nevyangelova
1056,2020-02-19T11:05:20Z,ethervoid
1057,2020-02-20T18:07:40Z,hahmadia
1059,2020-03-18T00:38:27Z,hahmadia
1060,2020-03-05T15:02:31Z,hahmadia
1061,2020-03-02T16:13:08Z,cometkim
1062,2020-03-19T19:24:11Z,sowmiyamuthuraman
1063,2020-03-02T16:17:08Z,enahum
1064,2020-03-02T16:23:16Z,mattermost-build
1065,2020-03-04T15:49:08Z,lieut-data
1067,2020-03-10T14:31:52Z,fm2munsh
1068,2020-03-06T22:07:24Z,hmhealey
1069,2020-03-09T18:02:55Z,enahum
1070,2020-03-18T00:52:19Z,hahmadia
1071,2020-03-09T19:05:47Z,hmhealey
1072,2020-03-18T18:04:45Z,jespino
1073,2020-03-12T10:20:28Z,grundleborg
1075,2020-03-17T19:55:21Z,hmhealey
1076,2020-03-17T19:58:47Z,nevyangelova
1077,2020-03-13T18:09:39Z,reflog
1078,2020-03-13T18:16:08Z,reflog
1080,2020-03-13T21:40:52Z,migbot
1082,2020-03-17T20:00:41Z,hmhealey
1083,2020-03-17T20:09:00Z,hmhealey
1084,2020-03-18T15:40:46Z,fm2munsh
1085,2020-03-13T21:49:51Z,dependabot
1088,2020-03-18T04:28:35Z,chuttam
1089,2020-03-18T13:28:01Z,hmhealey
1090,2020-03-18T18:28:55Z,mattermost-build
1091,2020-03-30T14:49:13Z,hahmadia
1092,2020-03-24T21:01:53Z,fm2munsh
1093,2020-03-24T15:15:23Z,hmhealey
1095,2020-03-24T15:52:05Z,mattermost-build
1096,2020-03-24T18:24:46Z,fm2munsh
1097,2020-03-24T21:10:01Z,mattermost-build
1098,2020-03-26T14:26:21Z,hmhealey
1099,2020-03-30T14:12:56Z,amyblais
1100,2020-03-26T18:24:47Z,mattermost-build
1101,2020-03-27T12:57:43Z,devinbinnie
1102,2020-03-27T14:58:09Z,devinbinnie
1103,2020-03-27T23:17:03Z,chuttam
1104,2020-03-30T12:22:57Z,jespino
1107,2020-03-30T14:24:01Z,mattermost-build
1108,2020-03-30T17:50:50Z,hahmadia
1110,2020-03-30T23:14:39Z,wiggin77
1112,2020-03-31T17:54:51Z,wiggin77
2,2017-09-11T12:11:26Z,jespino
3,2017-09-07T13:53:33Z,jwilander
6,2017-09-07T13:53:55Z,it33
8,2017-09-19T14:34:42Z,hmhealey
9,2017-09-08T15:36:49Z,jasonblais
10,2017-09-08T15:37:26Z,hmhealey
11,2017-09-19T15:44:44Z,hmhealey
12,2017-09-19T15:44:58Z,hmhealey
13,2017-09-19T15:45:09Z,hmhealey
14,2017-10-12T15:00:39Z,R-Wang97
17,2017-12-07T13:35:18Z,saturninoabril
18,2017-10-12T16:45:00Z,jespino
19,2017-09-15T16:56:11Z,jazzzz
20,2017-09-13T00:56:05Z,coreyhulen
21,2017-09-12T21:38:01Z,jespino
22,2017-09-13T03:17:15Z,saturninoabril
23,2017-09-13T00:56:32Z,asaadmahmood
24,2017-09-12T21:43:27Z,R-Wang97
25,2017-09-27T14:35:17Z,saturninoabril
26,2017-09-28T14:33:32Z,grundleborg
27,2017-09-15T18:26:15Z,grundleborg
28,2017-09-12T20:16:32Z,ccbrown
30,2017-09-12T21:42:47Z,jespino
31,2017-09-13T00:00:44Z,jwilander
32,2017-09-28T14:44:31Z,saturninoabril
33,2017-09-15T18:26:35Z,hmhealey
34,2017-09-15T08:40:03Z,hmhealey
35,2017-10-10T21:36:24Z,letsila
36,2017-09-20T15:33:23Z,jasonblais
37,2017-09-15T12:53:21Z,saturninoabril
38,2017-09-28T19:26:30Z,saturninoabril
39,2017-09-20T15:59:27Z,asaadmahmood
40,2017-09-15T18:28:22Z,saturninoabril
41,2017-09-18T19:03:27Z,jwilander
42,2017-10-27T20:54:00Z,santos22
43,2017-09-26T17:49:38Z,R-Wang97
44,2017-10-10T22:35:59Z,n1aba
45,2017-09-27T17:32:39Z,grundleborg
46,2017-09-18T17:08:11Z,hmhealey
47,2017-09-20T15:58:51Z,jwilander
48,2017-09-20T15:59:03Z,jwilander
49,2017-09-19T13:38:30Z,jwilander
50,2017-09-25T12:30:36Z,enahum
52,2017-09-20T08:34:26Z,ccbrown
53,2017-10-16T17:55:15Z,asaadmahmood
54,2017-09-19T21:05:55Z,saturninoabril
55,2017-09-29T20:00:44Z,saturninoabril
56,2017-09-20T15:30:18Z,saturninoabril
57,2017-09-21T21:59:53Z,asaadmahmood
58,2017-09-27T15:19:39Z,bbodenmiller
59,2017-09-21T22:00:23Z,ccbrown
60,2017-09-25T14:20:35Z,sudheerDev
62,2017-10-27T20:54:27Z,hmhealey
63,2017-09-22T06:00:09Z,crspeller
64,2017-09-28T12:11:41Z,saturninoabril
65,2017-09-26T19:16:24Z,coreyhulen
66,2017-09-25T09:55:36Z,hmhealey
67,2017-09-27T14:35:35Z,saturninoabril
68,2017-09-26T12:40:49Z,grundleborg
69,2017-09-28T13:13:53Z,sudheerDev
70,2017-09-27T10:46:27Z,enahum
71,2017-10-20T01:43:02Z,R-Wang97
72,2017-09-26T20:00:21Z,jwilander
73,2017-09-27T15:17:33Z,jwilander
74,2017-09-27T15:18:07Z,jwilander
75,2017-09-28T14:45:19Z,asaadmahmood
76,2017-10-03T16:26:50Z,jwilander
77,2017-09-28T13:10:04Z,saturninoabril
78,2017-09-28T15:22:55Z,jasonblais
79,2017-09-29T16:29:54Z,grundleborg
80,2017-09-28T17:34:57Z,jasonblais
81,2017-09-28T17:24:25Z,jasonblais
82,2017-10-03T18:28:39Z,hmhealey
83,2017-10-03T14:58:21Z,hmhealey
84,2017-10-02T13:13:26Z,asaadmahmood
85,2017-09-29T19:46:20Z,crspeller
86,2017-10-03T15:51:22Z,jwilander
87,2017-10-05T17:50:06Z,saturninoabril
88,2017-10-20T09:09:21Z,sudheerDev
89,2017-10-25T18:47:42Z,sudheerDev
90,2017-10-02T14:14:50Z,saturninoabril
91,2017-10-20T01:45:21Z,sudheerDev
92,2017-10-02T15:40:05Z,grundleborg
93,2017-10-03T09:22:57Z,jwilander
94,2017-10-02T16:59:16Z,MusikPolice
95,2017-10-03T18:07:45Z,asaadmahmood
96,2017-10-02T23:02:48Z,ccbrown
97,2017-10-03T14:36:42Z,MusikPolice
99,2017-10-04T15:58:29Z,enahum
101,2017-10-03T19:54:01Z,MusikPolice
102,2017-10-03T15:11:31Z,saturninoabril
103,2017-10-04T12:44:17Z,jwilander
104,2017-10-03T23:47:00Z,ccbrown
106,2017-10-03T23:14:12Z,hmhealey
107,2017-10-04T10:10:34Z,ccbrown
108,2017-10-05T13:59:40Z,Zapix
109,2017-10-04T16:13:23Z,jwilander
110,2017-10-05T13:59:25Z,maruTA-bis5
111,2017-10-05T12:44:06Z,saturninoabril
112,2017-10-05T13:57:29Z,saturninoabril
113,2017-10-06T17:45:04Z,jasonblais
114,2017-10-05T17:05:20Z,jwilander
115,2017-10-05T17:04:55Z,jwilander
116,2017-10-06T17:32:39Z,hmhealey
117,2017-10-06T13:30:09Z,saturninoabril
118,2017-10-09T10:03:08Z,saturninoabril
119,2017-10-06T12:17:33Z,longsleep
120,2017-10-27T20:50:57Z,longsleep
122,2017-10-06T17:43:37Z,cherealnice
123,2017-10-10T17:55:48Z,Zapix
124,2017-10-06T22:22:48Z,jwilander
125,2017-10-09T17:31:14Z,coreyhulen
126,2017-10-18T12:24:34Z,R-Wang97
127,2017-10-09T17:16:40Z,asaadmahmood
128,2017-10-16T14:41:18Z,yeoji
129,2017-10-18T11:03:08Z,yeoji
130,2017-10-23T20:57:39Z,R-Wang97
131,2017-10-20T01:44:21Z,maruTA-bis5
132,2017-10-09T17:16:15Z,saturninoabril
133,2017-10-09T17:15:29Z,saturninoabril
134,2017-10-10T18:50:16Z,enahum
135,2017-10-10T16:00:12Z,ryantm
136,2017-10-10T22:56:03Z,Zapix
137,2017-10-10T20:45:43Z,grundleborg
138,2017-10-10T17:55:17Z,saturninoabril
139,2017-10-10T22:39:18Z,grundleborg
141,2017-10-11T01:55:34Z,ccbrown
142,2017-10-10T20:50:38Z,asaadmahmood
143,2017-10-11T19:52:39Z,ccbrown
144,2017-10-11T16:49:34Z,crspeller
145,2017-10-11T16:54:13Z,saturninoabril
146,2017-10-11T16:48:20Z,jwilander
147,2017-10-26T14:02:17Z,jwilander
148,2017-10-11T19:42:31Z,saturninoabril
149,2017-11-02T16:43:55Z,saturninoabril
151,2017-10-12T17:54:25Z,asaadmahmood
152,2017-11-10T14:12:36Z,rickbatka
154,2017-10-13T16:56:08Z,asaadmahmood
155,2017-10-13T14:41:35Z,MusikPolice
156,2017-10-20T15:49:02Z,saturninoabril
157,2017-11-20T12:02:45Z,R-Wang97
158,2017-10-16T15:12:28Z,jasonblais
159,2017-10-20T16:06:28Z,cpanato
160,2017-10-23T14:32:29Z,cpanato
161,2017-10-18T12:26:06Z,cpanato
162,2017-10-17T07:37:42Z,saturninoabril
164,2017-11-06T18:24:05Z,grundleborg
165,2017-10-17T19:53:55Z,ccbrown
166,2017-10-20T01:42:10Z,sudheerDev
167,2017-10-19T00:10:48Z,saturninoabril
168,2017-10-30T18:09:41Z,jwilander
169,2017-10-20T13:27:02Z,johncoleman83
170,2017-10-25T12:59:36Z,jwilander
172,2017-10-25T12:59:47Z,jwilander
173,2017-11-09T09:29:51Z,jespino
174,2017-10-20T17:16:38Z,ccbrown
175,2017-10-20T19:50:49Z,saturninoabril
176,2017-10-27T01:17:10Z,hmhealey
177,2017-11-07T15:31:30Z,mkraft
178,2017-10-23T15:12:18Z,R-Wang97
179,2017-10-24T18:40:21Z,saturninoabril
180,2017-11-07T16:17:47Z,santos22
181,2017-11-02T16:46:16Z,cpanato
182,2017-10-25T12:58:54Z,asaadmahmood
183,2017-10-25T09:11:40Z,grundleborg
184,2017-10-23T13:15:50Z,saturninoabril
185,2017-10-23T19:21:52Z,grundleborg
186,2017-11-07T15:31:43Z,cpanato
187,2017-10-23T16:09:49Z,saturninoabril
188,2017-10-25T18:47:24Z,enahum
189,2018-02-02T17:13:04Z,cometkim
190,2017-10-24T16:45:48Z,saturninoabril
191,2017-11-30T14:19:31Z,MusikPolice
192,2017-10-25T12:21:34Z,saturninoabril
193,2017-10-27T15:00:41Z,jasonblais
194,2017-11-03T16:32:59Z,jasonblais
195,2017-11-13T20:30:48Z,yth0625
196,2018-03-28T19:29:21Z,chclaus
197,2017-10-25T15:48:36Z,cometkim
198,2017-10-25T17:14:16Z,saturninoabril
200,2017-10-30T14:14:09Z,saturninoabril
201,2017-10-26T02:30:10Z,tkbky
202,2017-10-25T20:07:21Z,asaadmahmood
204,2017-11-07T15:31:53Z,cometkim
205,2017-11-02T03:42:02Z,Hyeongmin-Kwon
206,2017-10-26T16:26:43Z,jwilander
207,2017-11-02T23:07:21Z,coreyhulen
209,2017-10-30T13:53:59Z,tkbky
210,2017-12-14T10:22:24Z,sudheerDev
211,2017-10-30T13:48:45Z,crspeller
212,2017-11-13T13:51:42Z,fraziern
213,2017-11-01T17:29:45Z,ccbrown
214,2017-10-30T16:00:45Z,hmhealey
215,2017-10-30T15:28:16Z,jwilander
216,2017-11-06T18:12:38Z,asaadmahmood
217,2017-10-30T20:40:20Z,jwilander
219,2017-10-31T16:00:51Z,jwilander
220,2017-10-31T14:43:54Z,jwilander
221,2017-10-31T14:43:35Z,hmhealey
222,2017-11-06T18:15:04Z,enahum
223,2017-11-08T14:23:31Z,tkbky
224,2017-11-01T19:56:49Z,jwilander
225,2017-11-06T08:14:42Z,jwilander
226,2017-11-01T11:33:57Z,jwilander
227,2017-10-31T22:16:23Z,jwilander
228,2017-11-07T15:29:08Z,tkbky
229,2017-11-01T18:16:00Z,MusikPolice
230,2017-11-06T18:15:49Z,MusikPolice
231,2017-11-02T19:30:52Z,jwilander
232,2017-11-02T21:23:06Z,jasonblais
233,2017-11-07T15:32:36Z,yth0625
234,2017-11-07T15:34:05Z,h2oloopan
235,2017-11-07T15:32:04Z,tkbky
236,2017-11-06T18:17:06Z,MusikPolice
237,2017-11-09T10:58:43Z,KishoreFartiyal
238,2017-11-06T18:18:02Z,jwilander
239,2017-11-03T19:44:31Z,jwilander
240,2017-11-06T21:15:42Z,jwilander
241,2017-11-07T22:33:43Z,jespino
242,2017-11-06T08:17:13Z,jespino
243,2017-11-14T15:25:28Z,QuantumKing
244,2018-01-05T17:25:44Z,letsila
245,2017-11-07T15:29:27Z,jespino
247,2017-11-06T18:44:28Z,saturninoabril
248,2017-11-06T22:46:30Z,ccbrown
249,2017-11-08T20:05:48Z,jwilander
250,2017-11-08T20:06:03Z,enahum
251,2017-11-09T09:31:01Z,avasconcelos114
252,2017-11-20T19:14:42Z,sudheerDev
253,2017-11-07T15:54:32Z,tkbky
254,2017-11-09T15:34:48Z,grundleborg
255,2017-11-08T20:24:29Z,jwilander
256,2017-11-08T16:22:32Z,hmhealey
257,2017-11-08T16:22:58Z,hmhealey
258,2017-11-08T13:20:44Z,jasonblais
259,2017-11-13T15:56:38Z,cpanato
260,2017-11-09T17:17:27Z,saturninoabril
261,2017-11-09T18:11:19Z,jwilander
262,2017-11-09T17:18:08Z,asaadmahmood
263,2017-11-09T16:10:57Z,tkbky
264,2017-11-09T19:33:46Z,jwilander
265,2017-11-13T13:45:15Z,jwilander
266,2017-11-09T15:33:46Z,saturninoabril
267,2017-11-10T15:04:22Z,saturninoabril
268,2017-11-10T19:24:15Z,saturninoabril
269,2017-11-10T04:15:01Z,jespino
270,2017-11-10T22:50:33Z,jwilander
271,2017-11-10T19:24:59Z,saturninoabril
272,2017-11-20T19:15:04Z,asaadmahmood
273,2017-11-10T19:02:15Z,deveshjadon98
274,2017-11-11T01:11:39Z,saturninoabril
275,2017-11-10T16:40:03Z,jwilander
276,2017-11-13T13:52:58Z,saturninoabril
277,2017-11-13T17:59:34Z,ccbrown
278,2017-11-10T21:35:11Z,jespino
279,2017-11-13T17:59:47Z,ccbrown
280,2017-11-10T23:51:31Z,hmhealey
281,2017-11-13T17:31:38Z,crspeller
282,2017-11-20T19:16:08Z,jwilander
283,2017-11-13T18:00:07Z,asaadmahmood
284,2017-11-14T12:58:24Z,avasconcelos114
285,2017-11-20T19:17:07Z,mkraft
287,2017-11-23T14:45:47Z,QuantumKing
290,2017-11-15T16:19:32Z,jasonblais
291,2017-11-14T14:01:37Z,saturninoabril
292,2017-11-13T20:47:12Z,mkraft
293,2017-11-13T19:33:14Z,MusikPolice
294,2017-11-16T16:41:06Z,csduarte
295,2017-11-13T19:29:16Z,crspeller
296,2017-11-20T19:13:09Z,mkraft
297,2017-11-20T18:35:47Z,jwilander
298,2017-11-14T14:46:48Z,jwilander
299,2017-11-14T18:30:28Z,enahum
300,2017-11-20T18:36:01Z,jwilander
301,2017-11-14T14:01:59Z,asaadmahmood
302,2017-11-14T18:31:51Z,asaadmahmood
304,2017-11-15T17:44:10Z,saturninoabril
305,2017-11-15T10:49:38Z,hmhealey
306,2017-11-16T13:39:47Z,jwilander
307,2017-11-15T20:08:58Z,saturninoabril
308,2017-11-20T17:14:49Z,lfbrock
309,2018-01-29T16:59:23Z,tkbky
310,2017-11-18T00:20:46Z,saturninoabril
311,2017-11-17T14:24:56Z,saturninoabril
312,2017-11-20T15:38:05Z,sudheerDev
313,2017-11-17T21:33:27Z,jespino
314,2017-11-20T13:54:28Z,hmhealey
315,2018-01-02T21:39:56Z,stephenkiers
316,2017-11-20T13:54:01Z,jespino
317,2017-11-20T13:53:27Z,jespino
318,2017-11-20T19:18:37Z,jespino
319,2017-11-20T15:57:54Z,jespino
320,2017-11-20T13:50:58Z,jespino
321,2017-11-23T13:12:26Z,saturninoabril
322,2017-12-07T18:43:20Z,jwilander
323,2017-11-21T15:21:47Z,jwilander
324,2017-12-21T13:21:53Z,csduarte
325,2018-01-02T06:50:04Z,csduarte
326,2017-12-18T14:41:43Z,csduarte
328,2017-12-07T18:30:18Z,csduarte
330,2017-12-07T22:09:07Z,csduarte
331,2017-11-21T15:33:47Z,csduarte
332,2018-01-02T21:46:03Z,csduarte
333,2017-11-30T14:20:24Z,csduarte
334,2018-01-05T17:25:59Z,csduarte
335,2017-11-24T19:10:04Z,csduarte
336,2017-11-24T19:10:36Z,enahum
337,2017-11-27T17:56:03Z,mkraft
338,2017-12-14T09:39:02Z,avasconcelos114
339,2017-11-23T18:37:17Z,jespino
340,2017-11-24T16:05:51Z,jespino
341,2017-11-24T19:12:22Z,jasonblais
342,2017-11-21T17:24:04Z,jwilander
343,2017-11-21T17:47:18Z,jespino
344,2017-11-24T16:05:01Z,saturninoabril
345,2017-11-21T19:46:10Z,jwilander
346,2017-11-22T08:09:22Z,hmhealey
347,2017-11-21T22:44:40Z,hmhealey
349,2017-11-24T16:06:48Z,jasonblais
350,2017-11-24T19:12:39Z,kaakaa
351,2017-12-15T14:52:42Z,pruthvip
352,2017-11-23T14:42:52Z,hmhealey
353,2018-03-12T12:07:46Z,philippe-granet
354,2017-12-20T19:08:45Z,R-Wang97
355,2017-11-23T23:46:22Z,jwilander
356,2017-11-24T19:14:32Z,saturninoabril
357,2018-01-23T21:21:54Z,saturninoabril
358,2017-11-24T19:15:08Z,jasonblais
359,2017-11-24T19:15:33Z,MusikPolice
360,2017-11-24T18:00:27Z,MusikPolice
361,2017-11-24T21:49:31Z,saturninoabril
362,2017-12-07T18:27:40Z,jasonblais
363,2017-11-28T13:39:07Z,jespino
364,2018-02-08T14:42:41Z,kaakaa
365,2017-12-05T01:07:03Z,jespino
366,2017-11-28T00:20:11Z,saturninoabril
367,2017-11-27T18:22:07Z,hmhealey
368,2017-11-30T19:39:32Z,MusikPolice
370,2017-11-30T15:32:30Z,ccbrown
371,2017-12-01T10:29:51Z,mikelinden1
372,2017-12-22T16:00:25Z,sudheerDev
373,2017-12-07T17:45:52Z,jwilander
374,2017-11-29T14:31:28Z,MusikPolice
375,2017-11-29T16:51:25Z,jespino
376,2017-12-07T17:33:06Z,jasonblais
377,2017-12-01T14:51:37Z,hmhealey
379,2017-11-30T16:58:04Z,ccbrown
380,2017-12-04T23:17:49Z,ccbrown
381,2017-11-30T13:16:51Z,jespino
382,2017-12-04T17:03:16Z,jespino
383,2017-12-07T18:00:12Z,enahum
384,2017-12-01T13:26:24Z,sudheerDev
385,2017-11-30T22:43:57Z,MusikPolice
386,2017-12-01T13:47:39Z,ccbrown
388,2017-12-05T01:08:13Z,saturninoabril
389,2018-01-02T06:48:09Z,cpanato
390,2017-12-08T15:49:40Z,MusikPolice
391,2017-12-02T02:13:08Z,saturninoabril
392,2017-12-05T18:27:09Z,ccbrown
393,2017-12-07T18:19:23Z,jasonblais
394,2017-12-06T19:20:08Z,mkraft
395,2017-12-07T19:12:52Z,jespino
397,2017-12-05T17:28:05Z,asaadmahmood
398,2018-01-03T15:21:47Z,panditsavitags
399,2017-12-18T16:25:44Z,saturninoabril
400,2017-12-04T22:53:13Z,hmhealey
401,2017-12-07T17:22:40Z,ccbrown
402,2017-12-07T21:53:32Z,enahum
403,2017-12-07T18:14:17Z,crspeller
404,2017-12-12T21:33:59Z,hmhealey
405,2017-12-07T17:45:37Z,hmhealey
406,2017-12-05T13:17:00Z,jwilander
407,2017-12-07T17:45:23Z,jwilander
408,2017-12-07T19:03:10Z,jwilander
409,2017-12-07T15:21:18Z,saturninoabril
410,2017-12-07T19:11:51Z,saturninoabril
411,2017-12-07T18:40:24Z,cpanato
412,2017-12-07T18:57:10Z,jwilander
413,2017-12-07T19:11:37Z,saturninoabril
414,2017-12-07T13:34:12Z,asaadmahmood
415,2017-12-07T18:54:19Z,asaadmahmood
416,2017-12-07T18:00:29Z,ccbrown
417,2017-12-07T17:35:19Z,jwilander
418,2018-04-25T14:57:04Z,liusy182
419,2017-12-07T13:24:32Z,sudheerDev
420,2017-12-13T10:53:45Z,saturninoabril
421,2018-01-09T03:10:02Z,saturninoabril
422,2018-01-08T20:58:21Z,jespino
423,2017-12-11T17:17:05Z,jwilander
424,2017-12-07T16:56:26Z,ccbrown
425,2017-12-13T16:58:28Z,csduarte
426,2017-12-08T17:18:50Z,amyblais
427,2017-12-12T19:48:03Z,tayre
428,2017-12-08T00:51:38Z,ccbrown
431,2017-12-08T19:08:18Z,hmhealey
432,2017-12-18T20:44:36Z,jwilander
433,2017-12-15T07:11:39Z,tayre
435,2017-12-22T12:29:01Z,sudheerDev
436,2017-12-14T12:30:18Z,R-Wang97
437,2017-12-11T09:54:37Z,ccbrown
438,2017-12-12T21:33:00Z,sudheerDev
439,2017-12-12T21:33:23Z,hmhealey
440,2017-12-12T01:07:28Z,saturninoabril
442,2018-01-03T21:12:34Z,csduarte
444,2017-12-11T23:43:00Z,jwilander
445,2017-12-12T21:35:03Z,enahum
446,2017-12-12T21:34:28Z,jwilander
447,2017-12-12T21:34:18Z,asaadmahmood
448,2017-12-12T21:34:48Z,jwilander
449,2017-12-12T15:32:06Z,saturninoabril
450,2017-12-20T14:20:47Z,saturninoabril
451,2017-12-13T17:26:12Z,asaadmahmood
452,2017-12-12T18:42:20Z,jwilander
453,2018-01-02T19:30:49Z,hmhealey
454,2017-12-14T17:31:14Z,hmhealey
455,2017-12-13T17:25:44Z,hmhealey
456,2017-12-15T15:31:49Z,watadarkstar
457,2017-12-13T17:24:45Z,saturninoabril
458,2017-12-13T17:24:14Z,saturninoabril
460,2017-12-21T18:28:59Z,cpanato
461,2017-12-14T17:31:41Z,asaadmahmood
462,2017-12-14T17:48:45Z,hmhealey
463,2017-12-14T23:17:48Z,MusikPolice
464,2017-12-18T19:55:20Z,watadarkstar
465,2017-12-19T15:47:22Z,mkraft
467,2018-01-02T13:44:16Z,tborg
468,2018-01-22T16:02:50Z,liusy182
469,2018-01-16T13:55:57Z,liusy182
471,2017-12-18T13:40:24Z,saturninoabril
472,2018-01-02T06:47:19Z,saturninoabril
473,2017-12-14T22:13:50Z,saturninoabril
474,2017-12-14T22:12:39Z,asaadmahmood
475,2017-12-14T22:12:20Z,saturninoabril
476,2017-12-14T23:28:54Z,coreyhulen
478,2018-01-02T21:45:21Z,pruthvip
479,2017-12-15T20:41:27Z,hmhealey
480,2018-01-09T01:10:52Z,saturninoabril
481,2017-12-22T09:52:44Z,sudheerDev
484,2018-01-09T03:40:50Z,saturninoabril
486,2018-01-02T13:44:00Z,panditsavitags
487,2017-12-19T11:55:26Z,hmhealey
488,2017-12-18T19:01:20Z,jwilander
489,2017-12-21T14:35:08Z,enahum
490,2018-01-10T20:46:00Z,asaadmahmood
491,2017-12-19T16:03:51Z,MusikPolice
492,2018-01-02T19:29:01Z,hmhealey
493,2017-12-19T18:28:14Z,jwilander
494,2017-12-20T01:36:03Z,saturninoabril
495,2017-12-21T17:07:16Z,jwilander
498,2017-12-21T13:58:04Z,MusikPolice
499,2018-01-02T19:31:36Z,saturninoabril
500,2017-12-20T16:21:56Z,saturninoabril
501,2017-12-21T13:23:08Z,sudheerDev
502,2018-01-10T20:44:59Z,sudheerDev
503,2017-12-21T19:53:18Z,mkraft
504,2018-01-10T13:54:58Z,csduarte
505,2018-03-28T02:23:03Z,R-Wang97
506,2017-12-21T19:02:27Z,saturninoabril
507,2018-01-04T15:22:38Z,MusikPolice
508,2018-01-04T13:11:36Z,jwilander
509,2018-01-02T18:41:24Z,saturninoabril
510,2017-12-26T15:03:37Z,saturninoabril
511,2017-12-22T17:10:32Z,saturninoabril
512,2017-12-24T14:15:43Z,mkraft
513,2017-12-26T15:06:33Z,saturninoabril
514,2018-01-09T13:37:40Z,lieut-data
515,2017-12-26T15:52:26Z,asaadmahmood
518,2018-03-23T13:50:24Z,panditsavitags
519,2017-12-29T21:20:42Z,jwilander
520,2017-12-29T21:38:34Z,jwilander
521,2018-01-02T18:58:03Z,skvale
522,2018-01-03T19:03:39Z,enahum
524,2018-01-02T14:50:47Z,saturninoabril
525,2018-01-04T21:51:13Z,amyblais
526,2018-01-04T18:41:42Z,csduarte
527,2018-01-02T20:42:27Z,jwilander
528,2018-01-02T17:44:06Z,watadarkstar
529,2018-01-03T13:49:55Z,jwilander
530,2018-01-04T16:01:05Z,jwilander
531,2018-01-03T13:42:09Z,jespino
532,2018-01-03T17:30:42Z,mkraft
533,2018-01-09T18:01:18Z,saturninoabril
535,2018-01-04T20:09:14Z,hmhealey
536,2018-01-03T22:07:55Z,stephenkiers
537,2018-01-04T14:11:55Z,hmhealey
538,2018-01-19T18:55:05Z,R-Wang97
539,2018-01-05T20:01:44Z,ccbrown
540,2018-01-04T13:46:32Z,ccbrown
541,2018-01-09T14:43:34Z,jespino
542,2018-01-09T14:43:43Z,jespino
543,2018-01-04T15:11:17Z,saturninoabril
544,2018-01-04T20:10:32Z,sudheerDev
545,2018-01-08T15:25:19Z,mkraft
546,2018-01-04T20:07:36Z,jwilander
547,2018-01-16T13:54:48Z,MusikPolice
548,2018-01-04T19:48:40Z,jwilander
549,2018-01-04T22:58:04Z,jwilander
550,2018-01-05T13:45:09Z,jwilander
551,2018-01-05T13:45:24Z,jwilander
552,2018-01-05T15:47:44Z,jespino
554,2018-01-08T17:38:51Z,enahum
555,2018-01-05T18:40:50Z,saturninoabril
556,2018-01-10T21:23:37Z,santos22
557,2018-01-09T18:01:52Z,mkraft
558,2018-01-10T14:38:06Z,sudheerDev
559,2018-01-08T17:39:36Z,enahum
560,2018-01-09T18:00:14Z,saturninoabril
561,2018-01-29T13:25:52Z,saturninoabril
562,2018-01-08T21:14:52Z,jwilander
563,2018-01-09T17:59:43Z,hmhealey
565,2018-01-09T01:01:40Z,GoldUniform
566,2018-01-09T17:58:32Z,stephenkiers
567,2018-01-09T17:56:31Z,asaadmahmood
568,2018-01-22T17:03:32Z,asaadmahmood
569,2018-01-12T19:08:15Z,enahum
570,2018-01-09T14:44:22Z,jasonblais
571,2018-01-09T17:57:38Z,jwilander
572,2018-01-09T20:01:45Z,stephenkiers
574,2018-01-10T20:40:08Z,tayre
576,2018-01-10T19:19:43Z,hmhealey
577,2018-01-16T13:56:21Z,hmhealey
578,2018-01-15T22:12:36Z,stephenkiers
579,2018-01-10T17:15:52Z,coreyhulen
580,2018-01-10T17:15:08Z,saturninoabril
581,2018-01-10T19:27:53Z,asaadmahmood
582,2018-01-11T22:08:46Z,saturninoabril
584,2018-01-11T04:14:38Z,saturninoabril
585,2018-01-10T21:12:12Z,stephenkiers
586,2018-01-10T21:09:21Z,MusikPolice
587,2018-01-11T02:51:09Z,ccbrown
588,2018-01-11T19:19:04Z,jwilander
589,2018-01-10T22:24:30Z,jwilander
590,2018-01-11T17:06:36Z,stephenkiers
591,2018-01-12T18:47:38Z,asaadmahmood
592,2018-01-11T20:21:54Z,saturninoabril
594,2018-01-11T21:27:12Z,mkraft
595,2018-01-11T20:21:02Z,hmhealey
596,2018-01-11T21:26:40Z,asaadmahmood
597,2018-01-12T18:47:08Z,hmhealey
598,2018-01-12T18:46:38Z,stephenkiers
599,2018-01-12T18:46:17Z,hmhealey
600,2018-01-12T18:45:51Z,jespino
602,2018-01-16T13:55:40Z,jwilander
603,2018-01-12T15:49:38Z,jespino
604,2018-01-22T17:32:21Z,saturninoabril
605,2018-01-12T17:03:59Z,saturninoabril
606,2018-01-15T19:03:49Z,saturninoabril
607,2018-01-12T21:25:23Z,hmhealey
608,2018-01-16T13:55:15Z,stephenkiers
610,2018-01-15T19:03:13Z,asaadmahmood
611,2018-02-06T21:56:46Z,saturninoabril
612,2018-01-21T21:27:37Z,enahum
613,2018-01-17T02:28:08Z,stephenkiers
614,2018-01-24T13:33:47Z,hmhealey
615,2018-01-18T22:26:00Z,csduarte
616,2018-01-17T18:39:34Z,stephenkiers
617,2018-01-25T13:35:04Z,hmhealey
619,2018-01-19T13:43:50Z,jwilander
620,2018-01-22T22:01:24Z,crspeller
621,2018-01-22T22:20:45Z,cherniavskii
622,2018-01-18T15:03:59Z,saturninoabril
623,2018-01-22T16:06:24Z,sudheerDev
624,2018-01-18T22:23:13Z,saturninoabril
625,2018-01-18T22:15:45Z,GoldUniform
627,2018-01-19T13:44:54Z,jespino
628,2018-01-19T13:41:43Z,jespino
629,2018-01-19T15:46:27Z,sudheerDev
630,2018-02-06T10:47:01Z,sudheerDev
631,2018-01-22T17:56:08Z,jasonblais
632,2018-01-31T16:54:08Z,enahum
633,2018-01-22T13:36:43Z,enahum
634,2018-01-22T16:19:52Z,stephenkiers
636,2018-02-08T13:14:45Z,mkraft
637,2018-02-08T20:18:38Z,liusy182
638,2018-01-22T12:18:53Z,jespino
639,2018-01-24T18:42:03Z,ccbrown
640,2018-02-07T15:57:52Z,jespino
641,2018-01-22T16:03:42Z,jasonblais
642,2018-01-22T16:58:25Z,sudheerDev
643,2018-01-30T20:18:29Z,jwilander
644,2018-01-30T17:17:46Z,saturninoabril
645,2018-01-22T17:13:44Z,saturninoabril
647,2018-01-22T22:42:46Z,saturninoabril
648,2018-02-05T15:20:48Z,jwilander
649,2018-01-23T20:33:55Z,ccbrown
651,2018-01-23T15:01:50Z,santos22
652,2018-01-23T16:13:07Z,sudheerDev
654,2018-01-24T15:07:37Z,enahum
656,2018-01-30T15:12:50Z,asaadmahmood
657,2018-02-02T17:13:54Z,jwilander
658,2018-01-26T13:45:29Z,mkraft
659,2018-01-25T13:35:31Z,hmhealey
660,2018-02-05T15:54:36Z,stephenkiers
661,2018-01-26T12:03:53Z,saturninoabril
662,2018-01-26T12:27:42Z,chclaus
663,2018-02-01T09:27:46Z,jwilander
665,2018-01-26T18:45:43Z,crspeller
666,2018-01-25T17:50:36Z,hmhealey
668,2018-01-29T19:32:22Z,crspeller
669,2018-02-09T16:07:09Z,stephenkiers
670,2018-01-26T18:29:59Z,crspeller
671,2018-01-26T12:33:50Z,saturninoabril
672,2018-01-26T15:34:36Z,hmhealey
673,2018-02-01T09:22:56Z,jwilander
674,2018-01-29T13:37:00Z,jespino
675,2018-01-31T00:12:10Z,asaadmahmood
676,2018-01-30T13:08:19Z,enahum
677,2018-02-02T19:17:28Z,jwilander
678,2018-01-30T15:02:30Z,lieut-data
679,2018-01-30T15:20:36Z,jespino
682,2018-02-08T17:12:41Z,Alexgoodman7
683,2018-01-31T14:08:17Z,lieut-data
684,2018-01-31T20:33:44Z,ccbrown
685,2018-01-31T14:28:16Z,crspeller
686,2018-02-05T16:38:18Z,saturninoabril
687,2018-02-09T15:30:55Z,mkraft
689,2018-01-31T16:31:27Z,enahum
690,2018-02-01T11:24:43Z,mkraft
691,2018-02-01T11:23:20Z,hmhealey
692,2018-02-06T21:54:15Z,saturninoabril
693,2018-02-05T15:32:57Z,hmhealey
694,2018-02-02T17:18:33Z,lieut-data
695,2018-02-07T14:03:14Z,MusikPolice
696,2018-04-02T15:51:09Z,csduarte
697,2018-02-05T14:59:19Z,saturninoabril
698,2018-02-05T14:50:35Z,jwilander
699,2018-02-02T22:27:51Z,hmhealey
700,2018-02-05T15:53:54Z,hmhealey
701,2018-02-05T16:43:39Z,saturninoabril
702,2018-02-02T19:02:42Z,stephenkiers
703,2018-02-07T00:20:23Z,jespino
704,2018-02-14T14:48:15Z,mkraft
705,2018-02-05T22:47:51Z,hmhealey
706,2018-02-05T14:09:46Z,stephenkiers
707,2018-02-03T03:29:56Z,hmhealey
708,2018-02-07T18:01:17Z,ccbrown
709,2018-02-05T15:57:49Z,saturninoabril
710,2018-02-21T14:19:16Z,letsila
711,2018-02-06T21:52:49Z,jwilander
712,2018-02-06T09:54:34Z,asaadmahmood
713,2018-02-05T18:12:32Z,jwilander
714,2018-02-05T21:01:01Z,hmhealey
715,2018-02-06T19:08:38Z,MusikPolice
716,2018-02-06T19:59:46Z,lieut-data
717,2018-02-05T21:01:13Z,amyblais
718,2018-02-06T19:13:58Z,crspeller
719,2018-02-06T19:09:31Z,MusikPolice
720,2018-02-06T17:53:00Z,lieut-data
721,2018-02-06T16:42:42Z,hmhealey
723,2018-02-07T19:07:53Z,enahum
724,2018-02-05T23:15:10Z,jwilander
725,2018-02-06T21:47:50Z,asaadmahmood
726,2018-02-06T16:28:10Z,lieut-data
727,2018-02-06T18:09:37Z,saturninoabril
728,2018-02-06T21:53:00Z,hmhealey
729,2018-02-07T14:24:21Z,hmhealey
730,2018-02-06T19:56:06Z,hmhealey
732,2018-02-06T21:52:09Z,enahum
733,2018-02-06T22:00:06Z,jespino
734,2018-02-06T21:39:58Z,crspeller
735,2018-02-06T23:43:03Z,hmhealey
736,2018-02-07T19:07:13Z,hmhealey
737,2018-02-07T00:22:24Z,hmhealey
738,2018-02-07T20:52:12Z,stephenkiers
739,2018-02-07T17:26:46Z,stephenkiers
740,2018-02-09T15:09:17Z,cometkim
741,2018-02-07T19:06:19Z,saturninoabril
742,2018-02-09T13:56:22Z,tejasbubane
743,2018-02-08T16:49:25Z,saturninoabril
744,2018-02-07T20:38:29Z,jasonblais
745,2018-02-13T20:20:07Z,tejasbubane
746,2018-02-08T15:15:42Z,lieut-data
747,2018-03-12T14:22:31Z,stephenkiers
748,2018-02-08T15:13:38Z,lieut-data
749,2018-02-13T14:43:58Z,jespino
750,2018-02-09T15:12:49Z,jwilander
751,2018-02-09T16:16:39Z,ccbrown
752,2018-02-08T14:13:12Z,GoldUniform
753,2018-03-19T12:12:42Z,qichengzx
754,2018-02-14T06:20:50Z,hmhealey
755,2018-02-08T19:10:42Z,hmhealey
756,2018-02-09T14:55:39Z,saturninoabril
757,2018-02-13T13:27:16Z,hmhealey
758,2018-02-12T19:49:10Z,jwilander
759,2018-02-14T06:22:08Z,asaadmahmood
760,2018-02-09T19:56:18Z,ccbrown
761,2018-02-09T18:06:24Z,stephenkiers
763,2018-02-12T19:47:16Z,hmhealey
764,2018-02-09T17:56:45Z,GoldUniform
765,2018-02-12T19:30:27Z,csduarte
766,2018-02-12T19:45:26Z,lieut-data
767,2018-02-09T18:42:33Z,stephenkiers
768,2018-02-12T19:42:42Z,saturninoabril
769,2018-02-12T19:39:43Z,asaadmahmood
772,2018-03-16T12:13:26Z,cpanato
773,2018-02-13T13:26:10Z,saturninoabril
774,2018-02-12T17:53:21Z,GoldUniform
775,2018-03-27T21:45:53Z,mkraft
776,2018-02-12T17:51:27Z,lieut-data
777,2018-02-13T13:24:39Z,ccbrown
778,2018-02-12T19:30:47Z,jwilander
779,2018-02-15T01:36:45Z,stephenkiers
780,2018-02-13T13:23:03Z,stephenkiers
781,2018-02-13T13:20:29Z,jwilander
782,2018-02-14T06:23:24Z,saturninoabril
783,2018-02-14T06:24:21Z,enahum
786,2018-02-15T01:54:50Z,ccbrown
787,2018-02-15T01:38:47Z,jespino
788,2018-02-14T06:18:35Z,saturninoabril
789,2018-02-15T02:06:44Z,GoldUniform
790,2018-02-14T06:16:03Z,saturninoabril
791,2018-02-13T20:07:36Z,hmhealey
793,2018-02-14T06:14:50Z,saturninoabril
794,2018-02-15T14:51:56Z,hmhealey
795,2018-02-14T16:40:28Z,stephenkiers
796,2018-03-13T14:12:49Z,chumbalum
797,2018-02-15T01:40:00Z,jwilander
799,2018-02-21T18:46:34Z,asaadmahmood
800,2018-02-15T01:41:10Z,asaadmahmood
801,2018-02-15T17:17:43Z,jwilander
802,2018-02-15T17:05:58Z,saturninoabril
803,2018-02-15T01:42:10Z,saturninoabril
804,2018-02-15T01:43:01Z,jwilander
806,2018-02-15T17:07:31Z,jwilander
807,2018-02-14T23:23:47Z,stephenkiers
808,2018-02-15T01:43:57Z,MusikPolice
809,2018-02-15T02:23:49Z,enahum
810,2018-02-28T23:17:20Z,leblanc-simon
811,2018-02-15T17:17:12Z,jwilander
812,2018-02-15T22:38:30Z,lieut-data
814,2018-02-20T16:49:02Z,avasconcelos114
815,2018-02-19T10:16:42Z,grundleborg
816,2018-02-16T18:04:56Z,lieut-data
817,2018-03-22T14:33:41Z,MusikPolice
818,2018-02-15T21:06:32Z,stephenkiers
819,2018-02-16T19:32:21Z,lieut-data
820,2018-02-16T09:00:30Z,lieut-data
821,2018-02-16T19:42:55Z,lieut-data
822,2018-02-16T17:34:31Z,lieut-data
823,2018-02-16T15:31:06Z,lieut-data
824,2018-02-20T21:40:03Z,crspeller
825,2018-02-16T12:20:27Z,grundleborg
826,2018-02-19T12:26:36Z,jespino
827,2018-02-16T17:44:23Z,jwilander
828,2018-02-16T22:15:11Z,lieut-data
829,2018-02-16T19:37:01Z,lieut-data
830,2018-02-21T16:35:00Z,lieut-data
831,2018-03-28T15:38:42Z,stanchan
832,2018-02-20T23:40:42Z,cpanato
833,2018-02-19T14:09:23Z,jespino
834,2018-02-19T14:54:21Z,grundleborg
835,2018-02-19T20:58:08Z,jespino
836,2018-02-20T10:11:28Z,jespino
837,2018-02-20T10:55:02Z,enahum
838,2018-02-20T19:11:42Z,koxen
839,2018-02-22T13:57:20Z,saturninoabril
840,2018-02-21T14:20:44Z,hmhealey
841,2018-02-20T23:33:10Z,koxen
842,2018-02-21T14:21:34Z,jwilander
843,2018-02-21T14:19:57Z,jespino
844,2018-02-23T13:57:14Z,saturninoabril
845,2018-02-23T23:33:02Z,saturninoabril
846,2018-02-23T14:01:41Z,jespino
847,2018-02-22T13:49:30Z,jwilander
848,2018-03-07T11:15:36Z,jespino
849,2018-02-23T14:11:22Z,enahum
850,2018-02-21T20:19:13Z,jwilander
851,2018-02-22T13:49:44Z,jwilander
852,2018-02-28T23:16:09Z,gnufede
853,2018-02-22T14:21:11Z,hmhealey
854,2018-02-22T14:22:00Z,hmhealey
855,2018-02-22T15:45:30Z,ccbrown
856,2018-02-23T15:43:40Z,jespino
857,2018-02-23T14:14:26Z,asaadmahmood
858,2018-02-22T16:02:52Z,jespino
859,2018-02-22T16:10:38Z,hmhealey
860,2018-02-23T14:15:17Z,jwilander
861,2018-02-23T15:16:44Z,mkraft
862,2018-02-28T15:33:44Z,lieut-data
863,2018-02-28T15:34:24Z,lieut-data
864,2018-02-23T16:05:00Z,jwilander
865,2018-02-28T15:34:47Z,lieut-data
866,2018-03-01T14:29:36Z,lieut-data
867,2018-02-23T23:31:40Z,saturninoabril
868,2018-02-23T18:13:37Z,jespino
869,2018-02-23T15:15:35Z,jespino
870,2018-02-23T16:17:29Z,jwilander
871,2018-02-23T19:22:13Z,hmhealey
873,2018-02-23T20:32:49Z,ccbrown
875,2018-02-26T15:14:28Z,crspeller
876,2018-02-26T15:24:10Z,hmhealey
877,2018-02-23T21:13:39Z,GoldUniform
878,2018-02-24T03:16:36Z,crspeller
879,2018-03-09T04:29:49Z,letsila
880,2018-03-07T11:16:0